method,path,body,single_q,double_q,dashes,braces,spaces,badwords,class
GET,b'/cgi-bin/le_check_v3.exe',b'',0,0,0,0,0,0,1
GET,b'/',b'',0,0,0,0,0,0,1
GET,b'/R9ZxHTZQ',b'',0,0,0,0,0,0,1
GET,b'/HEGAiL1A',b'',0,0,0,0,0,0,1
GET,b'/VHmVKXCR',b'',0,0,0,0,0,0,1
GET,b'/',b'',0,0,0,0,0,0,1
POST,b'/search.php?test=query',b'goButton=go&searchFor=',0,0,0,0,0,0,1
POST,b'/search.php?test=query',b'goButton=go&searchFor=the',0,0,0,0,0,0,1
GET,b'/robots.txt',b'',0,0,0,0,0,0,1
GET,b'/cart.php',b'',0,0,0,0,0,0,1
GET,b'/login.php',b'',0,0,0,0,0,0,1
GET,b'/index.php',b'',0,0,0,0,0,0,1
GET,b'/hpp',b'',0,0,0,0,0,0,1
GET,b'/search.php',b'',0,0,0,0,0,0,1
GET,b'/AJAX/index.php',b'',0,0,0,0,0,0,1
GET,b'/userinfo.php',b'',0,0,0,0,0,0,1
GET,b'/categories.php',b'',0,0,0,0,0,0,1
GET,b'/artists.php',b'',0,0,0,0,0,0,1
GET,b'/guestbook.php',b'',0,0,0,0,0,0,1
GET,b'/privacy.php',b'',0,0,0,0,0,0,1
GET,b'/disclaimer.php',b'',0,0,0,0,0,0,1
GET,b'/Mod_Rewrite_Shop',b'',0,0,0,0,0,0,1
GET,b'/Flash/add.swf',b'',0,0,0,0,0,0,1
GET,b'/Templates',b'',0,0,0,0,0,0,1
GET,b'/Templates/main_dynamic_template.dwt.php',b'',0,0,0,0,0,0,1
GET,b'/images',b'',0,0,0,0,0,0,1
GET,b'/AJAX',b'',0,0,0,0,0,0,1
GET,b'/Flash',b'',0,0,0,0,0,0,1
GET,b'/sitemap.xml.gz',b'',0,0,0,0,0,0,1
GET,b'/sitemap.xml',b'',0,0,0,0,0,0,1
GET,b'/product.php',b'',0,0,0,0,0,0,1
GET,b'/artists.php?artist=1',b'',0,0,0,0,0,0,1
GET,b'/product.php?pic=3',b'',0,0,0,0,0,0,1
GET,b'/product.php?pic=2',b'',0,0,0,0,0,0,1
GET,b'/product.php?pic=4',b'',0,0,0,0,0,0,1
GET,b'/showimage.php',b'',0,0,0,0,0,0,1
GET,b'/showimage.php?file=./pictures/4.jpg',b'',0,0,0,0,0,0,1
GET,b'/showimage.php?file=./pictures/4.jpg&size=160',b'',0,0,0,0,0,0,1
GET,b'/showimage.php?file=./pictures/1.jpg&size=160',b'',0,0,0,0,0,0,1
GET,b'/showimage.php?file=./pictures/2.jpg&size=160',b'',0,0,0,0,0,0,1
GET,b'/showimage.php?file=./pictures/7.jpg',b'',0,0,0,0,0,0,1
GET,b'/showimage.php?file=./pictures/2.jpg',b'',0,0,0,0,0,0,1
GET,b'/showimage.php?file=./pictures/3.jpg&size=160',b'',0,0,0,0,0,0,1
GET,b'/showimage.php?file=./pictures/1.jpg',b'',0,0,0,0,0,0,1
GET,b'/artists.php?artist=2',b'',0,0,0,0,0,0,1
GET,b'/showimage.php?file=./pictures/3.jpg',b'',0,0,0,0,0,0,1
GET,b'/showimage.php?file=./pictures/7.jpg&size=160',b'',0,0,0,0,0,0,1
GET,b'/showimage.php?file=./pictures/6.jpg',b'',0,0,0,0,0,0,1
GET,b'/showimage.php?file=./pictures/5.jpg&size=160',b'',0,0,0,0,0,0,1
GET,b'/showimage.php?file=./pictures/5.jpg',b'',0,0,0,0,0,0,1
GET,b'/listproducts.php',b'',0,0,0,0,0,0,1
GET,b'/showimage.php?file=./pictures/6.jpg&size=160',b'',0,0,0,0,0,0,1
GET,b'/listproducts.php?cat=1',b'',0,0,0,0,0,0,1
GET,b'/hpp/',b'',0,0,0,0,0,0,1
GET,b'/listproducts.php?cat=2',b'',0,0,0,0,0,0,1
POST,b'/userinfo.php',b'pass=g00dPa%24%24w0rD&uname=cgdujbhx',0,0,0,0,0,0,1
GET,b'/signup.php',b'',0,0,0,0,0,0,1
GET,b'/Mod_Rewrite_Shop/',b'',0,0,0,0,0,0,1
GET,b'/artists.php?artist=3',b'',0,0,0,0,0,0,1
POST,b'/guestbook.php',b'submit=add%20message&name=anonymous%20user&text=1',0,0,0,0,2,0,1
GET,b'/listproducts.php?cat=4',b'',0,0,0,0,0,0,1
GET,b'/Templates/',b'',0,0,0,0,0,0,1
GET,b'/redir.php',b'',0,0,0,0,0,0,1
GET,b'/redir.php?r=http://www.eclectasy.com/Fractal-Explorer/index.html',b'',0,0,0,0,0,0,1
GET,b'/AJAX/',b'',0,0,0,0,0,0,1
GET,b'/Flash/',b'',0,0,0,0,0,0,1
GET,b'/images/',b'',0,0,0,0,0,0,1
POST,b'/cart.php',b'addcart=4&price=1000',0,0,0,0,0,0,1
POST,b'/cart.php',b'addcart=3&price=986',0,0,0,0,0,0,1
POST,b'/cart.php',b'addcart=2&price=800',0,0,0,0,0,0,1
POST,b'/secured/newuser.php',b'signup=signup&uaddress=3137%20Laguna%20Street&ucc=4111111111111111&uemail=sample%40email.tst&upass=g00dPa%24%24w0rD&upass2=g00dPa%24%24w0rD&uphone=555-666-0606&urname=ljvxndhk&uuname=hwkjuvlo',0,0,0,0,2,0,1
GET,b'/listproducts.php?artist=1',b'',0,0,0,0,0,0,1
GET,b'/listproducts.php?artist=2',b'',0,0,0,0,0,0,1
GET,b'/Mod_Rewrite_Shop/Details/color-printer/3',b'',0,0,0,0,0,0,1
GET,b'/secured/newuser.php',b'',0,0,0,0,0,0,1
GET,b'/secured',b'',0,0,0,0,0,0,1
GET,b'/hpp/?pp=12',b'',0,0,0,0,0,0,1
GET,b'/Mod_Rewrite_Shop/Details/web-camera-a4tech/2',b'',0,0,0,0,0,0,1
GET,b'/Mod_Rewrite_Shop/Details/network-attached-storage-dlink/1',b'',0,0,0,0,0,0,1
GET,b'/Mod_Rewrite_Shop/images',b'',0,0,0,0,0,0,1
GET,b'/Mod_Rewrite_Shop/Details',b'',0,0,0,0,0,0,1
GET,b'/Mod_Rewrite_Shop/Details/color-printer',b'',0,0,0,0,0,0,1
GET,b'/Flash/add.fla',b'',0,0,0,0,0,0,1
GET,b'/Mod_Rewrite_Shop/Details/web-camera-a4tech',b'',0,0,0,0,0,0,1
GET,b'/listproducts.php?artist=3',b'',0,0,0,0,0,0,1
GET,b'/Mod_Rewrite_Shop/Details/network-attached-storage-dlink',b'',0,0,0,0,0,0,1
GET,b'/secured/',b'',0,0,0,0,0,0,1
GET,b'/hpp/params.php?p=valid&pp=12',b'',0,0,0,0,0,0,1
GET,b'/hpp/params.php?aaaa=',b'',0,0,0,0,0,0,1
GET,b'/Mod_Rewrite_Shop/images/',b'',0,0,0,0,0,0,1
GET,b'/hpp/params.php',b'',0,0,0,0,0,0,1
GET,b'/Mod_Rewrite_Shop/Details/web-camera-a4tech/2/',b'',0,0,0,0,0,0,1
GET,b'/Mod_Rewrite_Shop/Details/color-printer/3/',b'',0,0,0,0,0,0,1
GET,b'/Mod_Rewrite_Shop/Details/network-attached-storage-dlink/1/',b'',0,0,0,0,0,0,1
GET,b'/Mod_Rewrite_Shop/RateProduct-1.html',b'',0,0,0,0,0,0,1
GET,b'/Mod_Rewrite_Shop/RateProduct-3.html',b'',0,0,0,0,0,0,1
GET,b'/Mod_Rewrite_Shop/BuyProduct-2',b'',0,0,0,0,0,0,1
GET,b'/Mod_Rewrite_Shop/RateProduct-2.html',b'',0,0,0,0,0,0,1
GET,b'/Mod_Rewrite_Shop/BuyProduct-1',b'',0,0,0,0,0,0,1
GET,b'/Mod_Rewrite_Shop/BuyProduct-3',b'',0,0,0,0,0,0,1
GET,b'/Mod_Rewrite_Shop/BuyProduct-2/',b'',0,0,0,0,0,0,1
GET,b'/Mod_Rewrite_Shop/BuyProduct-1/',b'',0,0,0,0,0,0,1
GET,b'/Mod_Rewrite_Shop/BuyProduct-3/',b'',0,0,0,0,0,0,1
GET,b'/',b'',0,0,0,0,0,0,1
GET,b'/AJAX/artists.php',b'',0,0,0,0,0,0,1
GET,b'/AJAX/infoartist.php?id=1',b'',0,0,0,0,0,0,1
GET,b'/AJAX/infoartist.php?id=2',b'',0,0,0,0,0,0,1
GET,b'/AJAX/infoartist.php?id=3',b'',0,0,0,0,0,0,1
GET,b'/AJAX/categories.php',b'',0,0,0,0,0,0,1
GET,b'/AJAX/infocateg.php?id=1',b'',0,0,0,0,0,0,1
GET,b'/AJAX/infocateg.php?id=2',b'',0,0,0,0,0,0,1
GET,b'/AJAX/infocateg.php?id=3',b'',0,0,0,0,0,0,1
GET,b'/AJAX/infocateg.php?id=4',b'',0,0,0,0,0,0,1
GET,b'/AJAX/titles.php',b'',0,0,0,0,0,0,1
POST,b'/AJAX/infotitle.php',b'id=1',0,0,0,0,0,0,1
GET,b'/showimage.php?file=./pictures/1.jpg',b'',0,0,0,0,0,0,1
POST,b'/AJAX/infotitle.php',b'id=2',0,0,0,0,0,0,1
GET,b'/showimage.php?file=./pictures/2.jpg',b'',0,0,0,0,0,0,1
POST,b'/AJAX/infotitle.php',b'id=3',0,0,0,0,0,0,1
GET,b'/showimage.php?file=./pictures/3.jpg',b'',0,0,0,0,0,0,1
POST,b'/AJAX/infotitle.php',b'id=4',0,0,0,0,0,0,1
GET,b'/showimage.php?file=./pictures/4.jpg',b'',0,0,0,0,0,0,1
POST,b'/AJAX/infotitle.php',b'id=5',0,0,0,0,0,0,1
GET,b'/showimage.php?file=./pictures/5.jpg',b'',0,0,0,0,0,0,1
POST,b'/AJAX/infotitle.php',b'id=6',0,0,0,0,0,0,1
GET,b'/showimage.php?file=./pictures/6.jpg',b'',0,0,0,0,0,0,1
POST,b'/AJAX/infotitle.php',b'id=7',0,0,0,0,0,0,1
GET,b'/showimage.php?file=./pictures/7.jpg',b'',0,0,0,0,0,0,1
POST,b'/AJAX/showxml.php',"b'<xml><node name=""nodename1"">nodetext1</node><node name=""nodename2"">nodetext2</node></xml>'",0,4,0,0,2,0,1
GET,b'/comment.php',b'',0,0,0,0,0,0,1
GET,b'/comment.php?pid=1',b'',0,0,0,0,0,0,1
GET,b'/comment.php?aid=3',b'',0,0,0,0,0,0,1
GET,b'/AJAX/infoartist.php?id=1',b'',0,0,0,0,0,0,1
GET,b'/comment.php?pid=3',b'',0,0,0,0,0,0,1
GET,b'/comment.php?pid=2',b'',0,0,0,0,0,0,1
GET,b'/comment.php?aid=1',b'',0,0,0,0,0,0,1
GET,b'/AJAX/infocateg.php?id=1',b'',0,0,0,0,0,0,1
GET,b'/comment.php?aid=2',b'',0,0,0,0,0,0,1
GET,b'/AJAX/infotitle.php',b'',0,0,0,0,0,0,1
GET,b'/AJAX/showxml.php',b'',0,0,0,0,0,0,1
POST,b'/comment.php',b'Submit=Submit&comment=1&name=<your%20name%20here>&phpaction=echo%20%24_POST%5bcomment%5d;',0,0,0,0,3,0,1
GET,b'/.idea/scopes/scope_settings.xml',b'',0,0,0,0,0,0,1
GET,b'/_mmServerScripts/MMHTTPDB.php',b'',0,0,0,0,0,0,1
GET,b'/.idea/encodings.xml',b'',0,0,0,0,0,0,1
GET,b'/.idea/modules.xml',b'',0,0,0,0,0,0,1
GET,b'/.idea/.name',b'',0,0,0,0,0,0,1
GET,b'/.idea/vcs.xml',b'',0,0,0,0,0,0,1
GET,b'/_mmServerScripts/mysql.php',b'',0,0,0,0,0,0,1
GET,b'/.idea/misc.xml',b'',0,0,0,0,0,0,1
GET,b'/.idea/workspace.xml',b'',0,0,0,0,0,0,1
GET,b'/.idea/acuart.iml',b'',0,0,0,0,0,0,1
GET,b'/404.php',b'',0,0,0,0,0,0,1
GET,b'/AJAX/htaccess.conf',b'',0,0,0,0,0,0,1
GET,b'/adm1nPan3l/index.php',b'',0,0,0,0,0,0,1
GET,b'/admin/create.sql',b'',0,0,0,0,0,0,1
GET,b'/bxss/adminPan3l/index.php',b'',0,0,0,0,0,0,1
GET,b'/bxss/database_connect.php',b'',0,0,0,0,0,0,1
GET,b'/bxss/test.js',b'',0,0,0,0,0,0,1
GET,b'/bxss/index.php',b'',0,0,0,0,0,0,1
GET,b'/bxss/cleanDatabase.php',b'',0,0,0,0,0,0,1
GET,b'/clearguestbook.php',b'',0,0,0,0,0,0,1
GET,b'/bxss/vuln.php',b'',0,0,0,0,0,0,1
GET,b'/clientaccesspolicy.xml',b'',0,0,0,0,0,0,1
GET,b'/Connections/DB_Connection.php',b'',0,0,0,0,0,0,1
GET,b'/CVS/Entries.Log',b'',0,0,0,0,0,0,1
GET,b'/CVS/Entries',b'',0,0,0,0,0,0,1
GET,b'/crossdomain.xml',b'',0,0,0,0,0,0,1
GET,b'/CVS/Root',b'',0,0,0,0,0,0,1
GET,b'/CVS/Repository',b'',0,0,0,0,0,0,1
GET,b'/database_connect.php',b'',0,0,0,0,0,0,1
GET,b'/hpp/index.php',b'',0,0,0,0,0,0,1
GET,b'/hpp/test.php',b'',0,0,0,0,0,0,1
GET,b'/index.bak',b'',0,0,0,0,0,0,1
GET,b'/logout.php',b'',0,0,0,0,0,0,1
GET,b'/Mod_Rewrite_Shop/.htaccess',b'',0,0,0,0,0,0,1
GET,b'/Mod_Rewrite_Shop/details.php',b'',0,0,0,0,0,0,1
GET,b'/Mod_Rewrite_Shop/index.php',b'',0,0,0,0,0,0,1
GET,b'/Mod_Rewrite_Shop/buy.php',b'',0,0,0,0,0,0,1
GET,b'/Mod_Rewrite_Shop/rate.php',b'',0,0,0,0,0,0,1
GET,b'/pictures/1.jpg.tn',b'',0,0,0,0,0,0,1
GET,b'/pictures/2.jpg.tn',b'',0,0,0,0,0,0,1
GET,b'/pictures/3.jpg.tn',b'',0,0,0,0,0,0,1
GET,b'/pictures/4.jpg.tn',b'',0,0,0,0,0,0,1
GET,b'/pictures/5.jpg.tn',b'',0,0,0,0,0,0,1
GET,b'/pictures/6.jpg.tn',b'',0,0,0,0,0,0,1
GET,b'/pictures/7.jpg.tn',b'',0,0,0,0,0,0,1
GET,b'/pictures/8.jpg.tn',b'',0,0,0,0,0,0,1
GET,b'/pictures/credentials.txt',b'',0,0,0,0,0,0,1
GET,b'/pictures/ipaddresses.txt',b'',0,0,0,0,0,0,1
GET,b'/pictures/path-disclosure-unix.html',b'',0,0,0,0,0,0,1
GET,b'/pictures/path-disclosure-win.html',b'',0,0,0,0,0,0,1
GET,b'/pictures/wp-config.bak',b'',0,0,0,0,0,0,1
GET,b'/pictures/WS_FTP.LOG',b'',0,0,0,0,0,0,1
GET,b'/secured/office.htm',b'',0,0,0,0,0,0,1
GET,b'/secured/index.php',b'',0,0,0,0,0,0,1
GET,b'/secured/database_connect.php',b'',0,0,0,0,0,0,1
GET,b'/secured/phpinfo.php',b'',0,0,0,0,0,0,1
GET,b'/vendor/installed.json',b'',0,0,0,0,0,0,1
GET,b'/sendcommand.php',b'',0,0,0,0,0,0,1
GET,b'/wvstests/pmwiki_2_1_19/scripts/version.php',b'',0,0,0,0,0,0,1
GET,b'/clearguestbook.php',b'',0,0,0,0,0,0,1
GET,b'/.idea',b'',0,0,0,0,0,0,1
GET,b'/adm1nPan3l',b'',0,0,0,0,0,0,1
GET,b'/_mmServerScripts',b'',0,0,0,0,0,0,1
GET,b'/admin',b'',0,0,0,0,0,0,1
GET,b'/.idea/scopes',b'',0,0,0,0,0,0,1
GET,b'/bxss',b'',0,0,0,0,0,0,1
GET,b'/CVS',b'',0,0,0,0,0,0,1
GET,b'/Connections',b'',0,0,0,0,0,0,1
GET,b'/pictures',b'',0,0,0,0,0,0,1
GET,b'/bxss/adminPan3l',b'',0,0,0,0,0,0,1
GET,b'/vendor',b'',0,0,0,0,0,0,1
GET,b'/bxss/vuln.php?id=1',b'',0,0,0,0,0,0,1
GET,b'/wvstests/pmwiki_2_1_19/scripts',b'',0,0,0,0,0,0,1
GET,b'/wvstests/pmwiki_2_1_19',b'',0,0,0,0,0,0,1
GET,b'/wvstests',b'',0,0,0,0,0,0,1
GET,b'/medias/js/common_functions.js',b'',0,0,0,0,0,0,1
GET,b'/hpp/index.php?pp=12',b'',0,0,0,0,0,0,1
GET,b'/medias',b'',0,0,0,0,0,0,1
GET,b'/medias/img',b'',0,0,0,0,0,0,1
GET,b'/secured/office_files/filelist.xml',b'',0,0,0,0,0,0,1
GET,b'/secured/phpinfo.php?=PHPB8B5F2A0-3C92-11d3-A3A9-4C7B08C10000',b'',0,0,0,0,0,0,1
GET,b'/medias/js',b'',0,0,0,0,0,0,1
GET,b'/secured/office_files',b'',0,0,0,0,0,0,1
GET,b'/medias/css',b'',0,0,0,0,0,0,1
GET,b'/secured/phpinfo.php?=PHPE9568F35-D428-11d2-A769-00AA001ACF42',b'',0,0,0,0,0,0,1
GET,b'/secured/phpinfo.php?=PHPE9568F34-D428-11d2-A769-00AA001ACF42',b'',0,0,0,0,0,0,1
GET,b'/_mmServerScripts/',b'',0,0,0,0,0,0,1
GET,b'/adm1nPan3l/',b'',0,0,0,0,0,0,1
GET,b'/bxss/',b'',0,0,0,0,0,0,1
GET,b'/CVS/',b'',0,0,0,0,0,0,1
GET,b'/pictures/',b'',0,0,0,0,0,0,1
GET,b'/admin/',b'',0,0,0,0,0,0,1
GET,b'/Connections/',b'',0,0,0,0,0,0,1
GET,b'/.idea/scopes/',b'',0,0,0,0,0,0,1
GET,b'/bxss/adminPan3l/',b'',0,0,0,0,0,0,1
GET,b'/.idea/',b'',0,0,0,0,0,0,1
GET,b'/wvstests/pmwiki_2_1_19/scripts/',b'',0,0,0,0,0,0,1
GET,b'/vendor/',b'',0,0,0,0,0,0,1
GET,b'/wvstests/',b'',0,0,0,0,0,0,1
GET,b'/wvstests/pmwiki_2_1_19/',b'',0,0,0,0,0,0,1
GET,b'/cgi-bin/le_check_v3.exe',b'',0,0,0,0,0,0,1
GET,b'/',b'',0,0,0,0,0,0,1
GET,b'/LxwqZaXo',b'',0,0,0,0,0,0,1
GET,b'/PAs2rKfj',b'',0,0,0,0,0,0,1
GET,b'/ULM6vLzz',b'',0,0,0,0,0,0,1
GET,b'/',b'',0,0,0,0,0,0,1
POST,b'/login',b'password=g00dPa%24%24w0rD&username=admin',0,0,0,0,0,0,1
GET,b'/static/app/controllers/controllers.js',b'',0,0,0,0,0,0,1
GET,b'/robots.txt',b'',0,0,0,0,0,0,1
GET,b'/login',b'',0,0,0,0,0,0,1
GET,b'/static/app/app.js',b'',0,0,0,0,0,0,1
GET,b'/static/app/libs/sessvars.js',b'',0,0,0,0,0,0,1
GET,b'/static/app/post.js',b'',0,0,0,0,0,0,1
GET,b'/static/app/services/itemsService.js',b'',0,0,0,0,0,0,1
GET,b'/static',b'',0,0,0,0,0,0,1
GET,b'/static/img',b'',0,0,0,0,0,0,1
GET,b'/static/app/libs',b'',0,0,0,0,0,0,1
GET,b'/static/css',b'',0,0,0,0,0,0,1
GET,b'/static/app/controllers',b'',0,0,0,0,0,0,1
GET,b'/static/app',b'',0,0,0,0,0,0,1
GET,b'/static/app/services',b'',0,0,0,0,0,0,1
GET,b'/sitemap.xml',b'',0,0,0,0,0,0,1
GET,b'/static/app/services/',b'',0,0,0,0,0,0,1
GET,b'/static/app/controllers/',b'',0,0,0,0,0,0,1
GET,b'/static/app/',b'',0,0,0,0,0,0,1
GET,b'/static/img/',b'',0,0,0,0,0,0,1
GET,b'/sitemap.xml.gz',b'',0,0,0,0,0,0,1
GET,b'/static/app/libs/',b'',0,0,0,0,0,0,1
GET,b'/static/css/',b'',0,0,0,0,0,0,1
GET,b'/',b'',0,0,0,0,0,0,1
GET,b'/logout',b'',0,0,0,0,0,0,1
GET,b'/twitter-bootstrap/2.3.1/js/bootstrap.min.js',b'',0,0,0,0,0,0,1
GET,b'/jquery-1.9.1.min.js',b'',0,0,0,0,0,0,1
GET,"b'/css?family=Lora:400,700,400italic,700italic'",b'',0,0,0,0,0,0,1
GET,b'/ad.js',b'',0,0,0,0,0,0,1
GET,b'/ajax/libs/angularjs/1.0.6/angular.min.js',b'',0,0,0,0,0,0,1
GET,b'/static/app/partials/popular.html',b'',0,0,0,0,0,0,1
GET,b'/ajax/popular?offset=0',b'',0,0,0,0,0,0,1
GET,b'/static/app/partials/itemsList.html',b'',0,0,0,0,0,0,1
POST,b'/forgotpw',b'<forgot><username>e</username></forgot>',0,0,0,0,0,0,1
GET,b'/static/app/partials/latest.html',b'',0,0,0,0,0,0,1
GET,b'/ajax/latest?offset=0',b'',0,0,0,0,0,0,1
GET,b'/ajax/latest?offset=-5',b'',0,0,0,0,0,0,1
GET,b'/ajax/latest?offset=5',b'',0,0,0,0,0,0,1
GET,b'/static/app/partials/carousel.html',b'',0,0,0,0,0,0,1
GET,b'/static/app/partials/archive.html',b'',0,0,0,0,0,0,1
GET,b'/ajax/archive',b'',0,0,0,0,0,0,1
GET,b'/static/app/partials/about.html',b'',0,0,0,0,0,0,1
GET,b'/static/app/partials/contact.html',b'',0,0,0,0,0,0,1
GET,b'/ajax/popular?offset=-5',b'',0,0,0,0,0,0,1
GET,b'/ajax/popular?offset=5',b'',0,0,0,0,0,0,1
GET,b'/ajax/latest?offset=NaN',b'',0,0,0,0,0,0,1
GET,b'/ajax/popular?offset=NaN',b'',0,0,0,0,0,0,1
POST,b'/contact',b'address=3137%20Laguna%20Street&firstName=trlrdorp&lastName=kxexfnqp&message=20&subject=na',0,0,0,0,2,0,1
POST,b'/contact',b'address=3137%20Laguna%20Street&firstName=vljoppaa&lastName=aofuoptr&message=20&subject=product',0,0,0,0,2,0,1
POST,b'/contact',b'address=3137%20Laguna%20Street&firstName=ecnxfxal&lastName=xyjtwndl&message=20&subject=suggestions',0,0,0,0,2,0,1
POST,b'/contact',b'address=3137%20Laguna%20Street&firstName=jfawyeaf&lastName=miylsuuy&message=20&subject=service',0,0,0,0,2,0,1
GET,b'/static/app/partials',b'',0,0,0,0,0,0,1
GET,b'/contact',b'',0,0,0,0,0,0,1
GET,b'/ajax/latest?offset=0',b'',0,0,0,0,0,0,1
GET,b'/forgotpw',b'',0,0,0,0,0,0,1
GET,b'/ajax',b'',0,0,0,0,0,0,1
GET,b'/ajax/popular?offset=0',b'',0,0,0,0,0,0,1
GET,b'/static/app/partials/',b'',0,0,0,0,0,0,1
GET,b'/css?family=Open+Sans:700',b'',0,0,0,0,1,0,1
GET,b'/cgi-bin/le_check_v3.exe',b'',0,0,0,0,0,0,1
GET,b'/',b'',0,0,0,0,0,0,1
GET,b'/BcPwMZMS',b'',0,0,0,0,0,0,1
GET,b'/KbLJXRUu',b'',0,0,0,0,0,0,1
GET,b'/PPd0VbH4',b'',0,0,0,0,0,0,1
GET,b'/',b'',0,0,0,0,0,0,1
GET,b'/robots.txt',b'',0,0,0,0,0,0,1
GET,b'/Templates',b'',0,0,0,0,0,0,1
GET,b'/Default.asp',b'',0,0,0,0,0,0,1
GET,b'/Templatize.asp?item=html/about.html',b'',0,0,0,0,0,0,1
GET,b'/Search.asp',b'',0,0,0,0,0,0,1
GET,b'/Login.asp',b'',0,0,0,0,0,0,1
GET,b'/Login.asp?RetURL=/Default.asp%3F',b'',0,0,0,0,0,0,1
GET,b'/Templatize.asp',b'',0,0,0,0,0,0,1
GET,b'/showforum.asp',b'',0,0,0,0,0,0,1
GET,b'/Templates/MainTemplate.dwt.asp',b'',0,0,0,0,0,0,1
GET,b'/showforum.asp?id=0',b'',0,0,0,0,0,0,1
GET,b'/showforum.asp?id=1',b'',0,0,0,0,0,0,1
GET,b'/Register.asp',b'',0,0,0,0,0,0,1
GET,b'/showforum.asp?id=2',b'',0,0,0,0,0,0,1
GET,b'/Register.asp?RetURL=/Default.asp%3F',b'',0,0,0,0,0,0,1
GET,b'/Images',b'',0,0,0,0,0,0,1
POST,b'/Login.asp',b'tfUName=ehujacrt&tfUPass=g00dPa%24%24w0rD',0,0,0,0,0,0,1
GET,b'/sitemap.xml',b'',0,0,0,0,0,0,1
GET,b'/Templates/',b'',0,0,0,0,0,0,1
GET,b'/Login.asp?RetURL=/Templatize.asp%3Fitem%3Dhtml/about.html',b'',0,0,0,0,0,0,1
GET,b'/Register.asp?RetURL=/Login.asp%3F',b'',0,0,0,0,0,0,1
POST,b'/Login.asp?RetURL=/Default.asp%3F',b'tfUName=vvtqjyyb&tfUPass=g00dPa%24%24w0rD',0,0,0,0,0,0,1
GET,b'/Login.asp?RetURL=/Login.asp%3F',b'',0,0,0,0,0,0,1
GET,b'/Register.asp?RetURL=/Templatize.asp%3Fitem%3Dhtml/about.html',b'',0,0,0,0,0,0,1
GET,b'/Search.asp?tfSearch=',b'',0,0,0,0,0,0,1
GET,b'/sitemap.xml.gz',b'',0,0,0,0,0,0,1
POST,b'/Register.asp?RetURL=/Default.asp%3F',b'tfEmail=sample%40email.tst&tfRName=fnvvstgt&tfUName=lkbakdqn&tfUPass=g00dPa%24%24w0rD',0,0,0,0,0,0,1
GET,b'/Search.asp?tfSearch=the',b'',0,0,0,0,0,0,1
POST,b'/Register.asp',b'tfEmail=sample%40email.tst&tfRName=sdbdpltw&tfUName=grkokaay&tfUPass=g00dPa%24%24w0rD',0,0,0,0,0,0,1
GET,b'/showthread.asp?id=1',b'',0,0,0,0,0,0,1
GET,b'/Templates/Login.asp?RetURL=/Templates/MainTemplate.dwt.asp%3F',b'',0,0,0,0,0,0,1
GET,b'/showthread.asp',b'',0,0,0,0,0,0,1
GET,b'/Templates/Login.asp',b'',0,0,0,0,0,0,1
GET,b'/showthread.asp?id=3',b'',0,0,0,0,0,0,1
GET,b'/showthread.asp?id=2',b'',0,0,0,0,0,0,1
GET,b'/Templates/Register.asp',b'',0,0,0,0,0,0,1
GET,b'/Templates/Register.asp?RetURL=/Templates/MainTemplate.dwt.asp%3F',b'',0,0,0,0,0,0,1
GET,b'/Images/',b'',0,0,0,0,0,0,1
POST,b'/Login.asp?RetURL=/Templatize.asp%3Fitem%3Dhtml/about.html',b'tfUName=gfhikivw&tfUPass=g00dPa%24%24w0rD',0,0,0,0,0,0,1
POST,b'/Register.asp?RetURL=/Login.asp%3F',b'tfEmail=sample%40email.tst&tfRName=uvpkeixr&tfUName=rkaubrkb&tfUPass=g00dPa%24%24w0rD',0,0,0,0,0,0,1
POST,b'/Register.asp?RetURL=/Templatize.asp%3Fitem%3Dhtml/about.html',b'tfEmail=sample%40email.tst&tfRName=apchessv&tfUName=wytgovhe&tfUPass=g00dPa%24%24w0rD',0,0,0,0,0,0,1
GET,b'/avatars',b'',0,0,0,0,0,0,1
GET,b'/avatars/',b'',0,0,0,0,0,0,1
GET,b'/',b'',0,0,0,0,0,0,1
GET,b'/cgi-bin/le_check_v3.exe',b'',0,0,0,0,0,0,1
GET,b'/',b'',0,0,0,0,0,0,1
GET,b'/P4lmWEeh',b'',0,0,0,0,0,0,1
GET,b'/IXeh3wt3',b'',0,0,0,0,0,0,1
GET,b'/FCiCOwqK',b'',0,0,0,0,0,0,1
GET,b'/',b'',0,0,0,0,0,0,1
GET,b'/robots.txt',b'',0,0,0,0,0,0,1
POST,b'/default.aspx',b'__EVENTARGUMENT=&__EVENTTARGET=&__EVENTVALIDATION=/wEWVwLpus/wCAKOltisCQLwvM6uDAK/k4PoDAK/k4PoDAK/k7ePBAK/k7ePBAK/k6uiDQK/k6uiDQK/k9/GBgK/k9/GBgK/k7OuAwK/k7OuAwK/k6fFDAK/k6fFDAKQurHqDwKQurHqDwKQuqWBBwKQuqWBBwKQutklApC62SUCkLrN%2bAkCkLrN%2bAkCkLrhnwECkLrhnwECkLqVsgoCkLqVsgoCkLqJyQMCkLqJyQMCkLq97AwCkLq97AwCkLqR1QkCkLqR1QkCkLqF6AICkLqF6AIC19nEngcC19nEngcC19n4NQLX2fg1AtfZ7MgJAtfZ7MgJAtfZgO8CAtfZgO8CAtfZtIIKAtfZtIIKAtfZqNkDAtfZqNkDAtfZ3P0MAtfZ3P0MAtfZ8JAEAtfZ8JAEAtfZpPgCAtfZpPgCAtfZ2JwKAtfZ2JwKAqjgqoQNAqjgqoQNAqjg3tgGAqjg3tgGAqjg8v8PAqjg8v8PAqjg5pIHAqjg5pIHAqjgmikCqOCaKQKo4I7MCQKo4I7MCQKo4KLjAgKo4KLjAgKo4NaHCgKo4NaHCgKo4IrvCAKo4IrvCAKo4L4CAqjgvgICjfeIqwMCjfeIqwMCjfe8zgwCjfe8zgwCjffQ4gUCjffQ4gUCjffEuQ0CjffEuQ0Cjff43AYCjff43AYCjffs8w8Cjffs8w9EGYZZFmRPNxEe9k6/3HbEt2wUsA%3d%3d&__VIEWSTATE=/wEPDwUKLTEwNTI0MjkwNQ9kFgICAQ9kFgICAQ9kFgQCAQ8WBB4EaHJlZgUKbG9naW4uYXNweB4JaW5uZXJodG1sBQVsb2dpbmQCAw8WBB8AZB4HVmlzaWJsZWhkZArjxDMCoNA8/4bzlRmUHIna4LG5&__VIEWSTATEGENERATOR=CA0B0334',0,0,0,0,0,0,1
GET,b'/Signup.aspx',b'',0,0,0,0,0,0,1
GET,b'/about.aspx',b'',0,0,0,0,0,0,1
GET,b'/rssFeed.aspx',b'',0,0,0,0,0,0,1
GET,b'/ReadNews.aspx',b'',0,0,0,0,0,0,1
GET,b'/login.aspx',b'',0,0,0,0,0,0,1
GET,b'/default.aspx',b'',0,0,0,0,0,0,1
GET,b'/ReadNews.aspx?id=2&NewsAd=ads/def.html',b'',0,0,0,0,0,0,1
GET,b'/ReadNews.aspx?id=0&NewsAd=ads/def.html',b'',0,0,0,0,0,0,1
GET,b'/Comments.aspx',b'',0,0,0,0,0,0,1
GET,b'/Comments.aspx?id=3',b'',0,0,0,0,0,0,1
GET,b'/Comments.aspx?id=2',b'',0,0,0,0,0,0,1
GET,b'/ReadNews.aspx?id=3&NewsAd=ads/def.html',b'',0,0,0,0,0,0,1
GET,b'/Comments.aspx?id=0',b'',0,0,0,0,0,0,1
GET,b'/images',b'',0,0,0,0,0,0,1
POST,b'/about.aspx',b'__EVENTARGUMENT=&__EVENTTARGET=&__EVENTVALIDATION=/wEWVwKqq9H0CQKOltisCQLwvM6uDAK/k4PoDAK/k4PoDAK/k7ePBAK/k7ePBAK/k6uiDQK/k6uiDQK/k9/GBgK/k9/GBgK/k7OuAwK/k7OuAwK/k6fFDAK/k6fFDAKQurHqDwKQurHqDwKQuqWBBwKQuqWBBwKQutklApC62SUCkLrN%2bAkCkLrN%2bAkCkLrhnwECkLrhnwECkLqVsgoCkLqVsgoCkLqJyQMCkLqJyQMCkLq97AwCkLq97AwCkLqR1QkCkLqR1QkCkLqF6AICkLqF6AIC19nEngcC19nEngcC19n4NQLX2fg1AtfZ7MgJAtfZ7MgJAtfZgO8CAtfZgO8CAtfZtIIKAtfZtIIKAtfZqNkDAtfZqNkDAtfZ3P0MAtfZ3P0MAtfZ8JAEAtfZ8JAEAtfZpPgCAtfZpPgCAtfZ2JwKAtfZ2JwKAqjgqoQNAqjgqoQNAqjg3tgGAqjg3tgGAqjg8v8PAqjg8v8PAqjg5pIHAqjg5pIHAqjgmikCqOCaKQKo4I7MCQKo4I7MCQKo4KLjAgKo4KLjAgKo4NaHCgKo4NaHCgKo4IrvCAKo4IrvCAKo4L4CAqjgvgICjfeIqwMCjfeIqwMCjfe8zgwCjfe8zgwCjffQ4gUCjffQ4gUCjffEuQ0CjffEuQ0Cjff43AYCjff43AYCjffs8w8Cjffs8w9OFdToUMr%2bcrE8jjQAi1utfOT/NA%3d%3d&__VIEWSTATE=/wEPDwUKLTEwNTI0MjkwNQ9kFgICAQ9kFgICAQ9kFgQCAQ8WBB4EaHJlZgUKbG9naW4uYXNweB4JaW5uZXJodG1sBQVsb2dpbmQCAw8WBB8AZB4HVmlzaWJsZWhkZLDaiLtIJBFGHdHW8BBidJDZ856t&__VIEWSTATEGENERATOR=E809BCA5',0,0,0,0,0,0,1
POST,b'/ReadNews.aspx?id=2&NewsAd=ads/def.html',b'__EVENTARGUMENT=&__EVENTTARGET=&__EVENTVALIDATION=/wEWVwLjj6S6DAKOltisCQLwvM6uDAK/k4PoDAK/k4PoDAK/k7ePBAK/k7ePBAK/k6uiDQK/k6uiDQK/k9/GBgK/k9/GBgK/k7OuAwK/k7OuAwK/k6fFDAK/k6fFDAKQurHqDwKQurHqDwKQuqWBBwKQuqWBBwKQutklApC62SUCkLrN%2bAkCkLrN%2bAkCkLrhnwECkLrhnwECkLqVsgoCkLqVsgoCkLqJyQMCkLqJyQMCkLq97AwCkLq97AwCkLqR1QkCkLqR1QkCkLqF6AICkLqF6AIC19nEngcC19nEngcC19n4NQLX2fg1AtfZ7MgJAtfZ7MgJAtfZgO8CAtfZgO8CAtfZtIIKAtfZtIIKAtfZqNkDAtfZqNkDAtfZ3P0MAtfZ3P0MAtfZ8JAEAtfZ8JAEAtfZpPgCAtfZpPgCAtfZ2JwKAtfZ2JwKAqjgqoQNAqjgqoQNAqjg3tgGAqjg3tgGAqjg8v8PAqjg8v8PAqjg5pIHAqjg5pIHAqjgmikCqOCaKQKo4I7MCQKo4I7MCQKo4KLjAgKo4KLjAgKo4NaHCgKo4NaHCgKo4IrvCAKo4IrvCAKo4L4CAqjgvgICjfeIqwMCjfeIqwMCjfe8zgwCjfe8zgwCjffQ4gUCjffQ4gUCjffEuQ0CjffEuQ0Cjff43AYCjff43AYCjffs8w8Cjffs8w8DnchjfuKRu1yVgaHHs5WDMQtXJg%3d%3d&__VIEWSTATE=/wEPDwUKLTM1MjIzMjU2OQ9kFgICAQ9kFgwCAQ9kFgQCAQ8WBB4EaHJlZgUKbG9naW4uYXNweB4JaW5uZXJodG1sBQVsb2dpbmQCAw8WBB8AZB4HVmlzaWJsZWhkAgMPFgIfAQVJcG9zdGVkIGJ5IDxzdHJvbmc%2bYWRtaW4gICAgICAgICAgICAgICAgICAgIDwvc3Ryb25nPjExLzgvMjAwNSAxMTozNToyMiBBTWQCBQ8WAh8BBTxXZWIgYXR0YWNrcyAtIGNhbiB5b3VyIHdlYiBhcHBsaWNhdGlvbnMgd2l0aHN0YW5kIHRoZSBmb3JjZT9kAgcPFgIfAQWbODxwPjxzdHJvbmc%2bQWN1bmV0aXggY29tYmF0cyByaXNlIGluIHdlYiBhdHRhY2tzIHdpdGggQWN1bmV0aXggICAgICAgICAgICAgICAgICAgICAgICAgICAgV2ViIFZ1bG5lcmFiaWxpdHkgU2Nhbm5lciAyIDwvc3Ryb25nPjwvcD4gICAgICAgICAgICAgICAgICAgICAgICAgICA8cD4yMSBKdWx5IDIwMDUgLSA8c3Ryb25nPlN0YXJ0LXVwIGNvbXBhbnkgQWN1bmV0aXggcmVsZWFzZWQgICAgICAgICAgICAgICAgICAgICAgICAgICAgQWN1bmV0aXggV2ViIFZ1bG5lcmFiaWxpdHkgU2Nhbm5lcjogYSB0b29sIHRvIGF1dG9tYXRpY2FsbHkgICAgICAgICAgICAgICAgICAgICAgICAgICAgYXVkaXQgd2Vic2l0ZSBzZWN1cml0eS4gQWN1bmV0aXggV2ViIFZ1bG5lcmFiaWxpdHkgU2Nhbm5lciAgICAgICAgICAgICAgICAgICAgICAgICAgICAyIGNyYXdscyBhbiBlbnRpcmUgd2Vic2l0ZSwgbGF1bmNoZXMgcG9wdWxhciB3ZWIgYXR0YWNrcyAgICAgICAgICAgICAgICAgICAgICAgICAgICAoU1FMIEluamVjdGlvbiBldGMuKSBhbmQgaWRlbnRpZmllcyB2dWxuZXJhYmlsaXRpZXMgICAgICAgICAgICAgICAgICAgICAgICAgICAgdGhhdCBuZWVkIHRvIGJlIGZpeGVkLjwvc3Ryb25nPiA8L3A%2bICAgICAgICAgICAgICAgICAgICAgICAgICAgPHA%2bPHN0cm9uZz5TZWN1cmluZyB5b3VyIHdlYnNpdGUgc2hvdWxkIGJlIHlvdXIgbnVtYmVyIG9uZSAgICAgICAgICAgICAgICAgICAgICAgICAgICBjb25jZXJuPC9zdHJvbmc%2bPGJyIC8%2bICAgICAgICAgICAgICAgICAgICAgICAgICAgSGFja2VycyBhcmUgY29uY2VudHJhdGluZyB0aGVpciBlZmZvcnRzIG9uIHdlYi1iYXNlZCAgICAgICAgICAgICAgICAgICAgICAgICAgICBhcHBsaWNhdGlvbnMgLSA3NSUgb2YgY3liZXIgYXR0YWNrcyBhcmUgZG9uZSBhdCB0aGUgICAgICAgICAgICAgICAgICAgICAgICAgICAgd2ViIGFwcGxpY2F0aW9uIGxldmVsLCBhIEdhcnRuZXIgR3JvdXAgc3R1ZHkgaGFzIHJldmVhbGVkLiAgICAgICAgICAgICAgICAgICAgICAgICAgICBXZWIgYXBwbGljYXRpb25zIGFyZSBhY2Nlc3NpYmxlIDI0IGhvdXJzIGEgZGF5LCA3IGRheXMgICAgICAgICAgICAgICAgICAgICAgICAgICAgYSB3ZWVrIGFuZCBjb250cm9sIHZhbHVhYmxlIGRhdGEgc3VjaCBhcyBjdXN0b21lciBpbmZvcm1hdGlvbiwgICAgICAgICAgICAgICAgICAgICAgICAgICAgdHJhbnNhY3Rpb24gaW5mb3JtYXRpb24gYW5kIGV2ZW4gcHJvcHJpZXRhcnkgY29ycG9yYXRlICAgICAgICAgICAgICAgICAgICAgICAgICAgIGRhdGEuPC9wPiAgICAgICAgICAgICAgICAgICAgICAgICAgIDxwPjxzdHJvbmc%2bNTAwLDAwMCBjdXN0b21lciBjcmVkaXQgY2FyZCBudW1iZXJzIG9idGFpbmVkIHZpYSAgICAgICAgICAgICAgICAgICAgICAgICAgICBhIHdlYiBhdHRhY2s8L3N0cm9uZz48YnIgLz4gICAgICAgICAgICAgICAgICAgICAgICAgICBXZWxsLWtub3duIHNpdGVzIHRoYXQgd2VyZSBvcGVuIHRvIHdlYiBhcHBsaWNhdGlvbiBhdHRhY2tzICAgICAgICAgICAgICAgICAgICAgICAgICAgIGluY2x1ZGUgZmFzaGlvbiBsYWJlbCBHdWVzcyBhbmQgcGV0IHN1cHBseSByZXRhaWxlciAgICAgICAgICAgICAgICAgICAgICAgICAgICBQZXRDby5jb20gd2hvIHdlcmUgbm90b3Jpb3VzbHkgZm91bmQgdG8gYmUgdnVsbmVyYWJsZSAgICAgICAgICAgICAgICAgICAgICAgICAgICB0byB0aGUgU1FMIGluamVjdGlvbiB2dWxuZXJhYmlsaXR5IChKdW5lIDIwMDMpLiBUaGlzICAgICAgICAgICAgICAgICAgICAgICAgICAgIHJlc3VsdGVkIGluIFBldENvIGxlYXZpbmcgYXMgbWFueSBhcyA1MDAsMDAwIGNyZWRpdCAgICAgICAgICAgICAgICAgICAgICAgICAgICBjYXJkIG51bWJlcnMgb3BlbiB0byBhbnlvbmUgYWJsZSB0byBjb25zdHJ1Y3QgdGhpcyBzcGVjaWFsbHktY3JhZnRlZCAgICAgICAgICAgICAgICAgICAgICAgICAgICBVUkwuPC9wPiAgICAgICAgICAgICAgICAgICAgICAgICAgIDxwPjxzdHJvbmc%2bRmlyZXdhbGxzLCBTU0wgYW5kIGxvY2tlZC1kb3duIHNlcnZlcnMgYXJlIGZ1dGlsZSAgICAgICAgICAgICAgICAgICAgICAgICAgICBhZ2FpbnN0IHdlYiBhcHBsaWNhdGlvbiBoYWNraW5nPC9zdHJvbmc%2bPGJyIC8%2bICAgICAgICAgICAgICAgICAgICAgICAgICAgQW55IGRlZmVuc2UgYXQgbmV0d29yayBzZWN1cml0eSBsZXZlbCB3aWxsIHByb3ZpZGUgbm8gICAgICAgICAgICAgICAgICAgICAgICAgICAgcHJvdGVjdGlvbiBhZ2FpbnN0IHdlYiBhcHBsaWNhdGlvbiBhdHRhY2tzIHNpbmNlIHRoZXkgICAgICAgICAgICAgICAgICAgICAgICAgICAgYXJlIGxhdW5jaGVkIG9uIHBvcnQgODAgLSB3aGljaCBoYXMgdG8gcmVtYWluIG9wZW4uICAgICAgICAgICAgICAgICAgICAgICAgICAgIEluIGFkZGl0aW9uLCB3ZWIgYXBwbGljYXRpb25zIChjdXN0b21lciBhcmVhcywgc2hvcHBpbmcgICAgICAgICAgICAgICAgICAgICAgICAgICAgY2FydHMgZXRjLikgYXJlIG9mdGVuIHRhaWxvci1tYWRlLCBpbnZhcmlhYmx5IHRlc3RlZCAgICAgICAgICAgICAgICAgICAgICAgICAgICBsZXNzIHRoYW4gb2ZmLXRoZS1zaGVsZiBzb2Z0d2FyZSBhbmQgYXJlIHRoZXJlZm9yZSBtb3JlICAgICAgICAgICAgICAgICAgICAgICAgICAgIHN1c2NlcHRpYmxlIHRvIGF0dGFjay48L3A%2bICAgICAgICAgICAgICAgICAgICAgICAgICAgPHA%2bJnF1b3Q7Q29tcGFuaWVzIGhhdmUgaW1wbGVtZW50ZWQgbmV0d29yay1sZXZlbCBzZWN1cml0eSwgICAgICAgICAgICAgICAgICAgICAgICAgICAgaG93ZXZlciB0aGV5IGZhaWwgdG8gYXVkaXQgYW5kIHNlY3VyZSB0aGVpciB3ZWIgYXBwbGljYXRpb25zLiAgICAgICAgICAgICAgICAgICAgICAgICAgICBUaGVzZSBhcHBsaWNhdGlvbnMgaGF2ZSBhY2Nlc3MgdG8gc2Vuc2l0aXZlIGRhdGEgYW5kICAgICAgICAgICAgICAgICAgICAgICAgICAgIGFyZSBhIGhhY2tlcidzIHByaW1lIHRhcmdldCwmcXVvdDsgc2FpZCBOaWNrIEdhbGVhLCAgICAgICAgICAgICAgICAgICAgICAgICAgICBDRU8gb2YgQWN1bmV0aXguICZxdW90O0F1ZGl0aW5nIG9uZSdzIHdlYiBhcHBzIHNob3VsZCAgICAgICAgICAgICAgICAgICAgICAgICAgICBiZSB0aGUgbnVtYmVyIG9uZSBzZWN1cml0eSBjb25jZXJuLiZxdW90OzwvcD4gICAgICAgICAgICAgICAgICAgICAgICAgICA8cD48c3Ryb25nPlRoZSBuZWVkIGZvciBhbiBhdXRvbWF0ZWQgd2ViIGFwcGxpY2F0aW9uIHZ1bG5lcmFiaWxpdHkgICAgICAgICAgICAgICAgICAgICAgICAgICAgc2Nhbm5lcjwvc3Ryb25nPjxiciAvPiAgICAgICAgICAgICAgICAgICAgICAgICAgIE1hbnVhbGx5IGF1ZGl0aW5nIGEgd2ViIGFwcGxpY2F0aW9uIGZvciB2dWxuZXJhYmlsaXRpZXMgICAgICAgICAgICAgICAgICAgICAgICAgICAgdG8gU1FMIGluamVjdGlvbiwgY3Jvc3Mgc2l0ZSBzY3JpcHRpbmcgYW5kIG90aGVyIHdlYiAgICAgICAgICAgICAgICAgICAgICAgICAgICBhdHRhY2tzIGlzIHZpcnR1YWxseSBpbXBvc3NpYmxlLiBXaXRoIEFjdW5ldGl4IFdlYiBWdWxuZXJhYmlsaXR5ICAgICAgICAgICAgICAgICAgICAgICAgICAgIFNjYW5uZXIgdGhlIHByb2Nlc3Mgb2YgYXVkaXRpbmcgd2ViIGFwcGxpY2F0aW9ucyBzdWNoICAgICAgICAgICAgICAgICAgICAgICAgICAgIGFzIHNob3BwaW5nIGNhcnRzIGFuZCBmb3JtcywgY2FuIGJlIGVhc2lseSBhdXRvbWF0ZWQuICAgICAgICAgICAgICAgICAgICAgICAgICAgIFdoYXQncyBtb3JlLCB0aGUgc2VjdXJpdHkgY2hlY2tzIGNhbiBlYXNpbHkgYmUgcmUtbGF1bmNoZWQgICAgICAgICAgICAgICAgICAgICAgICAgICAgZm9yIGVhY2ggYXBwbGljYXRpb24gdXBkYXRlLjwvcD4gICAgICAgICAgICAgICAgICAgICAgICAgICA8cD48c3Ryb25nPkhvdyBBY3VuZXRpeCBXZWIgVnVsbmVyYWJpbGl0eSBTY2FubmVyIHdvcmtzPC9zdHJvbmc%2bPGJyIC8%2bICAgICAgICAgICAgICAgICAgICAgICAgICAgQWN1bmV0aXggV1ZTIGZpcnN0IGNyYXdscyB0aGUgd2hvbGUgd2Vic2l0ZSwgYW5hbHl6ZXMgICAgICAgICAgICAgICAgICAgICAgICAgICAgaW4tZGVwdGggZWFjaCBmaWxlIGl0IGZpbmRzLCBhbmQgZGlzcGxheXMgdGhlIGVudGlyZSAgICAgICAgICAgICAgICAgICAgICAgICAgICB3ZWJzaXRlIHN0cnVjdHVyZS4gQWZ0ZXIgdGhpcyBkaXNjb3Zlcnkgc3RhZ2UsIGl0IHBlcmZvcm1zICAgICAgICAgICAgICAgICAgICAgICAgICAgIGFuIGF1dG9tYXRpYyBhdWRpdCBmb3IgY29tbW9uIHNlY3VyaXR5IHZ1bG5lcmFiaWxpdGllcy48L3A%2bICAgICAgICAgICAgICAgICAgICAgICAgICAgPHA%2bPHN0cm9uZz5BdXRvbWF0aWNhbGx5IGRldGVjdHMgU1FMIGluamVjdGlvbiwgY3Jvc3Mgc2l0ZSAgICAgICAgICAgICAgICAgICAgICAgICAgICBzY3JpcHRpbmcgYW5kIG90aGVyIHdlYiB2dWxuZXJhYmlsaXRpZXM8L3N0cm9uZz48YnIgLz4gICAgICAgICAgICAgICAgICAgICAgICAgICBTUUwgaW5qZWN0aW9uIGlzIGEgaGFja2luZyB0ZWNobmlxdWUgd2hpY2ggbW9kaWZpZXMgICAgICAgICAgICAgICAgICAgICAgICAgICAgU1FMIGNvbW1hbmRzIGluIG9yZGVyIHRvIGdhaW4gYWNjZXNzIHRvIGRhdGEgaW4gdGhlICAgICAgICAgICAgICAgICAgICAgICAgICAgIGRhdGFiYXNlLiBDcm9zcyBzaXRlIHNjcmlwdGluZyBhdHRhY2tzIGFsbG93IGEgaGFja2VyICAgICAgICAgICAgICAgICAgICAgICAgICAgIHRvIGV4ZWN1dGUgYSBtYWxpY2lvdXMgc2NyaXB0IG9uIHlvdXIgdmlzaXRvcnMnIGJyb3dzZXIuICAgICAgICAgICAgICAgICAgICAgICAgICAgIEFjdW5ldGl4IFdlYiBWdWxuZXJhYmlsaXR5IFNjYW5uZXIgY2FuIGNoZWNrIGlmIHlvdXIgICAgICAgICAgICAgICAgICAgICAgICAgICAgd2ViIGFwcGxpY2F0aW9uIGlzIHZ1bG5lcmFibGUgdG8gYm90aCBvZiB0aGVzZSBhdHRhY2tzLiAgICAgICAgICAgICAgICAgICAgICAgICAgICBNb3JlIGluZm9ybWF0aW9uIGFib3V0IGNyb3NzIHNpdGUgc2NyaXB0aW5nICZhbXA7IFNRTCAgICAgICAgICAgICAgICAgICAgICAgICAgICBpbmplY3Rpb24gYXQgb3VyIHdlYnNpdGUgc2VjdXJpdHkgaW5mbyBwYWdlLjwvcD4gICAgICAgICAgICAgICAgICAgICAgICAgICA8cD48c3Ryb25nPkFjdW5ldGl4IFdlYiBWdWxuZXJhYmlsaXR5IFNjYW5uZXIgYWxzbyBjaGVja3MgZm9yICAgICAgICAgICAgICAgICAgICAgICAgICAgIHRoZSBmb2xsb3dpbmcgd2ViIGF0dGFja3M6PC9zdHJvbmc%2bPC9wPiAgICAgICAgICAgICAgICAgICAgICAgICAgIDx1bD4gPGxpPkNSTEYgaW5qZWN0aW9uIGF0dGFja3M8YnIgLz4gICAgICAgICAgICAgICAgICAgICAgICAgICA8L2xpPjxsaT5Db2RlIGV4ZWN1dGlvbiBhdHRhY2tzPGJyIC8%2bICAgICAgICAgICAgICAgICAgICAgICAgICAgPC9saT48bGk%2bRGlyZWN0b3J5IHRyYXZlcnNhbCBhdHRhY2tzPGJyIC8%2bICAgICAgICAgICAgICAgICAgICAgICAgICAgPC9saT48bGk%2bRmlsZSBpbmNsdXNpb24gYXR0YWNrczxiciAvPiAgICAgICAgICAgICAgICAgICAgICAgICAgIDwvbGk%2bPGxpPiBJbnB1dCB2YWxpZGF0aW9uIGF0dGFja3M8YnIgLz4gICAgICAgICAgICAgICAgICAgICAgICAgICA8L2xpPjxsaT5BdXRoZW50aWNhdGlvbiBhdHRhY2tzLjwvbGk%2bIDwvdWw%2bICAgICAgICAgICAgICAgICAgICAgICAgICAgPHA%2bPHN0cm9uZz5BZHZhbmNlZCBwZW5ldHJhdGlvbiB0ZXN0aW5nIHRvb2xzPC9zdHJvbmc%2bPGJyIC8%2bICAgICAgICAgICAgICAgICAgICAgICAgICAgQWN1bmV0aXggV1ZTIGFsc28gaW5jbHVkZXMgdG9vbHMgc3VjaCBhcyBhbiBIVFRQIGVkaXRvciAgICAgICAgICAgICAgICAgICAgICAgICAgICAmYW1wOyBIVFRQIHNuaWZmZXIgdG8gYWxsb3cgY3VzdG9taXphdGlvbiBvZiB3ZWIgdnVsbmVyYWJpbGl0eSAgICAgICAgICAgICAgICAgICAgICAgICAgICBjaGVja3MuIFVzaW5nIHRoZSBWdWxuZXJhYmlsaXR5IGVkaXRvciwgbmV3IGF0dGFja3MgICAgICAgICAgICAgICAgICAgICAgICAgICAgY2FuIGVhc2lseSBiZSBjcmVhdGVkLjwvcD4gICAgICAgICAgICAgICAgICAgICAgICAgICA8cD48c3Ryb25nPlByaWNpbmcgJmFtcDsgYXZhaWxhYmlsaXR5PC9zdHJvbmc%2bPGJyIC8%2bICAgICAgICAgICAgICAgICAgICAgICAgICAgQWN1bmV0aXggV1ZTIGlzIGF2YWlsYWJsZSBhcyBhbiBlbnRlcnByaXNlIG9yIGFzIGEgY29uc3VsdGFudCAgICAgICAgICAgICAgICAgICAgICAgICAgICB2ZXJzaW9uLiBBIHN1YnNjcmlwdGlvbiBiYXNlZCBsaWNlbnNlIGNhbiBiZSBwdXJjaGFzZWQgICAgICAgICAgICAgICAgICAgICAgICAgICAgZm9yIGFzIGxpdHRsZSBhcyAkMzk1LCB3aGVyZWFzIGEgcGVycGV0dWFsIGxpY2Vuc2Ugc3RhcnRzICAgICAgICAgICAgICAgICAgICAgICAgICAgIGF0ICQyOTk1LiBGb3IgbW9yZSBpbmZvcm1hdGlvbiB2aXNpdCBvdXIgcHJpY2luZyBwYWdlLjwvcD4gICAgICAgICAgICAgICAgICAgICAgICAgICA8cD48c3Ryb25nPkFib3V0IEFjdW5ldGl4PC9zdHJvbmc%2bPC9wPiAgICAgPHA%2bVXNlci1mcmllbmRseSBhbmQgY29tcGV0aXRpdmVseSBwcmljZWQsIEFjdW5ldGl4IGxlYWRzIHRoZSBtYXJrZXQgaW4gYXV0b21hdGljIHdlYiBzZWN1cml0eSB0ZXN0aW5nIHRlY2hub2xvZ3kuIEl0cyBpbmR1c3RyeS1sZWFkaW5nIGNyYXdsZXIgZnVsbHkgc3VwcG9ydHMgSFRNTDUsIEphdmFTY3JpcHQsIGFuZCBBSkFYLWhlYXZ5IHdlYnNpdGVzLCBlbmFibGluZyB0aGUgYXVkaXRpbmcgb2YgY29tcGxleCwgYXV0aGVudGljYXRlZCBhcHBsaWNhdGlvbnMuIEFjdW5ldGl4IHByb3ZpZGVzIHRoZSBvbmx5IHRlY2hub2xvZ3kgb24gdGhlIG1hcmtldCB0aGF0IGNhbiBhdXRvbWF0aWNhbGx5IGRldGVjdCBvdXQtb2YtYmFuZCB2dWxuZXJhYmlsaXRpZXMgYW5kIGlzIGF2YWlsYWJsZSBib3RoIGFzIGFuIG9ubGluZSBhbmQgb24tcHJlbWlzZXMgc29sdXRpb24uIEFjdW5ldGl4IGFsc28gaW5jbHVkZXMgaW50ZWdyYXRlZCB2dWxuZXJhYmlsaXR5IG1hbmFnZW1lbnQgZmVhdHVyZXMgdG8gZXh0ZW5kIHRoZSBlbnRlcnByaXNlJnJzcXVvO3MgYWJpbGl0eSB0byBjb21wcmVoZW5zaXZlbHkgbWFuYWdlLCBwcmlvcml0aXplLCBhbmQgY29udHJvbCB2dWxuZXJhYmlsaXR5IHRocmVhdHMgJm5kYXNoOyBvcmRlcmVkIGJ5IGJ1c2luZXNzIGNyaXRpY2FsaXR5LjwvcD5kAgkPDxYCHgtOYXZpZ2F0ZVVybAUSQ29tbWVudHMuYXNweD9pZD0yZGQCCw8WAh4Dc3JjBQxhZHMvZGVmLmh0bWxkZCqQXr9Bo%2bfii5vVAAhGyfGRVNk1&__VIEWSTATEGENERATOR=532053C5',0,0,0,0,0,0,1
POST,b'/Signup.aspx',b'btnSignup=Sign%20me%20up&tbPassword=g00dPa%24%24w0rD&tbUsername=hmttibsu&__EVENTARGUMENT=&__EVENTTARGET=&__EVENTVALIDATION=/wEWWgK42oW1DwLStq24BwK3jsrkBALF97vxAQKOltisCQLwvM6uDAK/k4PoDAK/k4PoDAK/k7ePBAK/k7ePBAK/k6uiDQK/k6uiDQK/k9/GBgK/k9/GBgK/k7OuAwK/k7OuAwK/k6fFDAK/k6fFDAKQurHqDwKQurHqDwKQuqWBBwKQuqWBBwKQutklApC62SUCkLrN%2bAkCkLrN%2bAkCkLrhnwECkLrhnwECkLqVsgoCkLqVsgoCkLqJyQMCkLqJyQMCkLq97AwCkLq97AwCkLqR1QkCkLqR1QkCkLqF6AICkLqF6AIC19nEngcC19nEngcC19n4NQLX2fg1AtfZ7MgJAtfZ7MgJAtfZgO8CAtfZgO8CAtfZtIIKAtfZtIIKAtfZqNkDAtfZqNkDAtfZ3P0MAtfZ3P0MAtfZ8JAEAtfZ8JAEAtfZpPgCAtfZpPgCAtfZ2JwKAtfZ2JwKAqjgqoQNAqjgqoQNAqjg3tgGAqjg3tgGAqjg8v8PAqjg8v8PAqjg5pIHAqjg5pIHAqjgmikCqOCaKQKo4I7MCQKo4I7MCQKo4KLjAgKo4KLjAgKo4NaHCgKo4NaHCgKo4IrvCAKo4IrvCAKo4L4CAqjgvgICjfeIqwMCjfeIqwMCjfe8zgwCjfe8zgwCjffQ4gUCjffQ4gUCjffEuQ0CjffEuQ0Cjff43AYCjff43AYCjffs8w8Cjffs8w9uDwKpxNabpMk4a7bnGAVipWMYFg%3d%3d&__VIEWSTATE=/wEPDwUKLTY0MzI4NjU4Mw9kFgICAQ9kFgICAQ9kFgQCAQ8WBB4EaHJlZgUKbG9naW4uYXNweB4JaW5uZXJodG1sBQVsb2dpbmQCAw8WBB8AZB4HVmlzaWJsZWhkZLWF2wpV006tz0eDdoKfDbx%2bi81I&__VIEWSTATEGENERATOR=36F90C25',0,0,0,0,2,0,1
GET,b'/sitemap.xml',b'',0,0,0,0,0,0,1
GET,b'/sitemap.xml.gz',b'',0,0,0,0,0,0,1
POST,b'/ReadNews.aspx?id=0&NewsAd=ads/def.html',b'__EVENTARGUMENT=&__EVENTTARGET=&__EVENTVALIDATION=/wEWVwLjj6S6DAKOltisCQLwvM6uDAK/k4PoDAK/k4PoDAK/k7ePBAK/k7ePBAK/k6uiDQK/k6uiDQK/k9/GBgK/k9/GBgK/k7OuAwK/k7OuAwK/k6fFDAK/k6fFDAKQurHqDwKQurHqDwKQuqWBBwKQuqWBBwKQutklApC62SUCkLrN%2bAkCkLrN%2bAkCkLrhnwECkLrhnwECkLqVsgoCkLqVsgoCkLqJyQMCkLqJyQMCkLq97AwCkLq97AwCkLqR1QkCkLqR1QkCkLqF6AICkLqF6AIC19nEngcC19nEngcC19n4NQLX2fg1AtfZ7MgJAtfZ7MgJAtfZgO8CAtfZgO8CAtfZtIIKAtfZtIIKAtfZqNkDAtfZqNkDAtfZ3P0MAtfZ3P0MAtfZ8JAEAtfZ8JAEAtfZpPgCAtfZpPgCAtfZ2JwKAtfZ2JwKAqjgqoQNAqjgqoQNAqjg3tgGAqjg3tgGAqjg8v8PAqjg8v8PAqjg5pIHAqjg5pIHAqjgmikCqOCaKQKo4I7MCQKo4I7MCQKo4KLjAgKo4KLjAgKo4NaHCgKo4NaHCgKo4IrvCAKo4IrvCAKo4L4CAqjgvgICjfeIqwMCjfeIqwMCjfe8zgwCjfe8zgwCjffQ4gUCjffQ4gUCjffEuQ0CjffEuQ0Cjff43AYCjff43AYCjffs8w8Cjffs8w8DnchjfuKRu1yVgaHHs5WDMQtXJg%3d%3d&__VIEWSTATE=/wEPDwUKLTM1MjIzMjU2OQ9kFgICAQ9kFgwCAQ9kFgQCAQ8WBB4EaHJlZgUKbG9naW4uYXNweB4JaW5uZXJodG1sBQVsb2dpbmQCAw8WBB8AZB4HVmlzaWJsZWhkAgMPFgIfAQVJcG9zdGVkIGJ5IDxzdHJvbmc%2bYWRtaW4gICAgICAgICAgICAgICAgICAgIDwvc3Ryb25nPjExLzgvMjAwNSAxMTozNToyMiBBTWQCBQ8WAh8BBTxXZWIgYXR0YWNrcyAtIGNhbiB5b3VyIHdlYiBhcHBsaWNhdGlvbnMgd2l0aHN0YW5kIHRoZSBmb3JjZT9kAgcPFgIfAQWbODxwPjxzdHJvbmc%2bQWN1bmV0aXggY29tYmF0cyByaXNlIGluIHdlYiBhdHRhY2tzIHdpdGggQWN1bmV0aXggICAgICAgICAgICAgICAgICAgICAgICAgICAgV2ViIFZ1bG5lcmFiaWxpdHkgU2Nhbm5lciAyIDwvc3Ryb25nPjwvcD4gICAgICAgICAgICAgICAgICAgICAgICAgICA8cD4yMSBKdWx5IDIwMDUgLSA8c3Ryb25nPlN0YXJ0LXVwIGNvbXBhbnkgQWN1bmV0aXggcmVsZWFzZWQgICAgICAgICAgICAgICAgICAgICAgICAgICAgQWN1bmV0aXggV2ViIFZ1bG5lcmFiaWxpdHkgU2Nhbm5lcjogYSB0b29sIHRvIGF1dG9tYXRpY2FsbHkgICAgICAgICAgICAgICAgICAgICAgICAgICAgYXVkaXQgd2Vic2l0ZSBzZWN1cml0eS4gQWN1bmV0aXggV2ViIFZ1bG5lcmFiaWxpdHkgU2Nhbm5lciAgICAgICAgICAgICAgICAgICAgICAgICAgICAyIGNyYXdscyBhbiBlbnRpcmUgd2Vic2l0ZSwgbGF1bmNoZXMgcG9wdWxhciB3ZWIgYXR0YWNrcyAgICAgICAgICAgICAgICAgICAgICAgICAgICAoU1FMIEluamVjdGlvbiBldGMuKSBhbmQgaWRlbnRpZmllcyB2dWxuZXJhYmlsaXRpZXMgICAgICAgICAgICAgICAgICAgICAgICAgICAgdGhhdCBuZWVkIHRvIGJlIGZpeGVkLjwvc3Ryb25nPiA8L3A%2bICAgICAgICAgICAgICAgICAgICAgICAgICAgPHA%2bPHN0cm9uZz5TZWN1cmluZyB5b3VyIHdlYnNpdGUgc2hvdWxkIGJlIHlvdXIgbnVtYmVyIG9uZSAgICAgICAgICAgICAgICAgICAgICAgICAgICBjb25jZXJuPC9zdHJvbmc%2bPGJyIC8%2bICAgICAgICAgICAgICAgICAgICAgICAgICAgSGFja2VycyBhcmUgY29uY2VudHJhdGluZyB0aGVpciBlZmZvcnRzIG9uIHdlYi1iYXNlZCAgICAgICAgICAgICAgICAgICAgICAgICAgICBhcHBsaWNhdGlvbnMgLSA3NSUgb2YgY3liZXIgYXR0YWNrcyBhcmUgZG9uZSBhdCB0aGUgICAgICAgICAgICAgICAgICAgICAgICAgICAgd2ViIGFwcGxpY2F0aW9uIGxldmVsLCBhIEdhcnRuZXIgR3JvdXAgc3R1ZHkgaGFzIHJldmVhbGVkLiAgICAgICAgICAgICAgICAgICAgICAgICAgICBXZWIgYXBwbGljYXRpb25zIGFyZSBhY2Nlc3NpYmxlIDI0IGhvdXJzIGEgZGF5LCA3IGRheXMgICAgICAgICAgICAgICAgICAgICAgICAgICAgYSB3ZWVrIGFuZCBjb250cm9sIHZhbHVhYmxlIGRhdGEgc3VjaCBhcyBjdXN0b21lciBpbmZvcm1hdGlvbiwgICAgICAgICAgICAgICAgICAgICAgICAgICAgdHJhbnNhY3Rpb24gaW5mb3JtYXRpb24gYW5kIGV2ZW4gcHJvcHJpZXRhcnkgY29ycG9yYXRlICAgICAgICAgICAgICAgICAgICAgICAgICAgIGRhdGEuPC9wPiAgICAgICAgICAgICAgICAgICAgICAgICAgIDxwPjxzdHJvbmc%2bNTAwLDAwMCBjdXN0b21lciBjcmVkaXQgY2FyZCBudW1iZXJzIG9idGFpbmVkIHZpYSAgICAgICAgICAgICAgICAgICAgICAgICAgICBhIHdlYiBhdHRhY2s8L3N0cm9uZz48YnIgLz4gICAgICAgICAgICAgICAgICAgICAgICAgICBXZWxsLWtub3duIHNpdGVzIHRoYXQgd2VyZSBvcGVuIHRvIHdlYiBhcHBsaWNhdGlvbiBhdHRhY2tzICAgICAgICAgICAgICAgICAgICAgICAgICAgIGluY2x1ZGUgZmFzaGlvbiBsYWJlbCBHdWVzcyBhbmQgcGV0IHN1cHBseSByZXRhaWxlciAgICAgICAgICAgICAgICAgICAgICAgICAgICBQZXRDby5jb20gd2hvIHdlcmUgbm90b3Jpb3VzbHkgZm91bmQgdG8gYmUgdnVsbmVyYWJsZSAgICAgICAgICAgICAgICAgICAgICAgICAgICB0byB0aGUgU1FMIGluamVjdGlvbiB2dWxuZXJhYmlsaXR5IChKdW5lIDIwMDMpLiBUaGlzICAgICAgICAgICAgICAgICAgICAgICAgICAgIHJlc3VsdGVkIGluIFBldENvIGxlYXZpbmcgYXMgbWFueSBhcyA1MDAsMDAwIGNyZWRpdCAgICAgICAgICAgICAgICAgICAgICAgICAgICBjYXJkIG51bWJlcnMgb3BlbiB0byBhbnlvbmUgYWJsZSB0byBjb25zdHJ1Y3QgdGhpcyBzcGVjaWFsbHktY3JhZnRlZCAgICAgICAgICAgICAgICAgICAgICAgICAgICBVUkwuPC9wPiAgICAgICAgICAgICAgICAgICAgICAgICAgIDxwPjxzdHJvbmc%2bRmlyZXdhbGxzLCBTU0wgYW5kIGxvY2tlZC1kb3duIHNlcnZlcnMgYXJlIGZ1dGlsZSAgICAgICAgICAgICAgICAgICAgICAgICAgICBhZ2FpbnN0IHdlYiBhcHBsaWNhdGlvbiBoYWNraW5nPC9zdHJvbmc%2bPGJyIC8%2bICAgICAgICAgICAgICAgICAgICAgICAgICAgQW55IGRlZmVuc2UgYXQgbmV0d29yayBzZWN1cml0eSBsZXZlbCB3aWxsIHByb3ZpZGUgbm8gICAgICAgICAgICAgICAgICAgICAgICAgICAgcHJvdGVjdGlvbiBhZ2FpbnN0IHdlYiBhcHBsaWNhdGlvbiBhdHRhY2tzIHNpbmNlIHRoZXkgICAgICAgICAgICAgICAgICAgICAgICAgICAgYXJlIGxhdW5jaGVkIG9uIHBvcnQgODAgLSB3aGljaCBoYXMgdG8gcmVtYWluIG9wZW4uICAgICAgICAgICAgICAgICAgICAgICAgICAgIEluIGFkZGl0aW9uLCB3ZWIgYXBwbGljYXRpb25zIChjdXN0b21lciBhcmVhcywgc2hvcHBpbmcgICAgICAgICAgICAgICAgICAgICAgICAgICAgY2FydHMgZXRjLikgYXJlIG9mdGVuIHRhaWxvci1tYWRlLCBpbnZhcmlhYmx5IHRlc3RlZCAgICAgICAgICAgICAgICAgICAgICAgICAgICBsZXNzIHRoYW4gb2ZmLXRoZS1zaGVsZiBzb2Z0d2FyZSBhbmQgYXJlIHRoZXJlZm9yZSBtb3JlICAgICAgICAgICAgICAgICAgICAgICAgICAgIHN1c2NlcHRpYmxlIHRvIGF0dGFjay48L3A%2bICAgICAgICAgICAgICAgICAgICAgICAgICAgPHA%2bJnF1b3Q7Q29tcGFuaWVzIGhhdmUgaW1wbGVtZW50ZWQgbmV0d29yay1sZXZlbCBzZWN1cml0eSwgICAgICAgICAgICAgICAgICAgICAgICAgICAgaG93ZXZlciB0aGV5IGZhaWwgdG8gYXVkaXQgYW5kIHNlY3VyZSB0aGVpciB3ZWIgYXBwbGljYXRpb25zLiAgICAgICAgICAgICAgICAgICAgICAgICAgICBUaGVzZSBhcHBsaWNhdGlvbnMgaGF2ZSBhY2Nlc3MgdG8gc2Vuc2l0aXZlIGRhdGEgYW5kICAgICAgICAgICAgICAgICAgICAgICAgICAgIGFyZSBhIGhhY2tlcidzIHByaW1lIHRhcmdldCwmcXVvdDsgc2FpZCBOaWNrIEdhbGVhLCAgICAgICAgICAgICAgICAgICAgICAgICAgICBDRU8gb2YgQWN1bmV0aXguICZxdW90O0F1ZGl0aW5nIG9uZSdzIHdlYiBhcHBzIHNob3VsZCAgICAgICAgICAgICAgICAgICAgICAgICAgICBiZSB0aGUgbnVtYmVyIG9uZSBzZWN1cml0eSBjb25jZXJuLiZxdW90OzwvcD4gICAgICAgICAgICAgICAgICAgICAgICAgICA8cD48c3Ryb25nPlRoZSBuZWVkIGZvciBhbiBhdXRvbWF0ZWQgd2ViIGFwcGxpY2F0aW9uIHZ1bG5lcmFiaWxpdHkgICAgICAgICAgICAgICAgICAgICAgICAgICAgc2Nhbm5lcjwvc3Ryb25nPjxiciAvPiAgICAgICAgICAgICAgICAgICAgICAgICAgIE1hbnVhbGx5IGF1ZGl0aW5nIGEgd2ViIGFwcGxpY2F0aW9uIGZvciB2dWxuZXJhYmlsaXRpZXMgICAgICAgICAgICAgICAgICAgICAgICAgICAgdG8gU1FMIGluamVjdGlvbiwgY3Jvc3Mgc2l0ZSBzY3JpcHRpbmcgYW5kIG90aGVyIHdlYiAgICAgICAgICAgICAgICAgICAgICAgICAgICBhdHRhY2tzIGlzIHZpcnR1YWxseSBpbXBvc3NpYmxlLiBXaXRoIEFjdW5ldGl4IFdlYiBWdWxuZXJhYmlsaXR5ICAgICAgICAgICAgICAgICAgICAgICAgICAgIFNjYW5uZXIgdGhlIHByb2Nlc3Mgb2YgYXVkaXRpbmcgd2ViIGFwcGxpY2F0aW9ucyBzdWNoICAgICAgICAgICAgICAgICAgICAgICAgICAgIGFzIHNob3BwaW5nIGNhcnRzIGFuZCBmb3JtcywgY2FuIGJlIGVhc2lseSBhdXRvbWF0ZWQuICAgICAgICAgICAgICAgICAgICAgICAgICAgIFdoYXQncyBtb3JlLCB0aGUgc2VjdXJpdHkgY2hlY2tzIGNhbiBlYXNpbHkgYmUgcmUtbGF1bmNoZWQgICAgICAgICAgICAgICAgICAgICAgICAgICAgZm9yIGVhY2ggYXBwbGljYXRpb24gdXBkYXRlLjwvcD4gICAgICAgICAgICAgICAgICAgICAgICAgICA8cD48c3Ryb25nPkhvdyBBY3VuZXRpeCBXZWIgVnVsbmVyYWJpbGl0eSBTY2FubmVyIHdvcmtzPC9zdHJvbmc%2bPGJyIC8%2bICAgICAgICAgICAgICAgICAgICAgICAgICAgQWN1bmV0aXggV1ZTIGZpcnN0IGNyYXdscyB0aGUgd2hvbGUgd2Vic2l0ZSwgYW5hbHl6ZXMgICAgICAgICAgICAgICAgICAgICAgICAgICAgaW4tZGVwdGggZWFjaCBmaWxlIGl0IGZpbmRzLCBhbmQgZGlzcGxheXMgdGhlIGVudGlyZSAgICAgICAgICAgICAgICAgICAgICAgICAgICB3ZWJzaXRlIHN0cnVjdHVyZS4gQWZ0ZXIgdGhpcyBkaXNjb3Zlcnkgc3RhZ2UsIGl0IHBlcmZvcm1zICAgICAgICAgICAgICAgICAgICAgICAgICAgIGFuIGF1dG9tYXRpYyBhdWRpdCBmb3IgY29tbW9uIHNlY3VyaXR5IHZ1bG5lcmFiaWxpdGllcy48L3A%2bICAgICAgICAgICAgICAgICAgICAgICAgICAgPHA%2bPHN0cm9uZz5BdXRvbWF0aWNhbGx5IGRldGVjdHMgU1FMIGluamVjdGlvbiwgY3Jvc3Mgc2l0ZSAgICAgICAgICAgICAgICAgICAgICAgICAgICBzY3JpcHRpbmcgYW5kIG90aGVyIHdlYiB2dWxuZXJhYmlsaXRpZXM8L3N0cm9uZz48YnIgLz4gICAgICAgICAgICAgICAgICAgICAgICAgICBTUUwgaW5qZWN0aW9uIGlzIGEgaGFja2luZyB0ZWNobmlxdWUgd2hpY2ggbW9kaWZpZXMgICAgICAgICAgICAgICAgICAgICAgICAgICAgU1FMIGNvbW1hbmRzIGluIG9yZGVyIHRvIGdhaW4gYWNjZXNzIHRvIGRhdGEgaW4gdGhlICAgICAgICAgICAgICAgICAgICAgICAgICAgIGRhdGFiYXNlLiBDcm9zcyBzaXRlIHNjcmlwdGluZyBhdHRhY2tzIGFsbG93IGEgaGFja2VyICAgICAgICAgICAgICAgICAgICAgICAgICAgIHRvIGV4ZWN1dGUgYSBtYWxpY2lvdXMgc2NyaXB0IG9uIHlvdXIgdmlzaXRvcnMnIGJyb3dzZXIuICAgICAgICAgICAgICAgICAgICAgICAgICAgIEFjdW5ldGl4IFdlYiBWdWxuZXJhYmlsaXR5IFNjYW5uZXIgY2FuIGNoZWNrIGlmIHlvdXIgICAgICAgICAgICAgICAgICAgICAgICAgICAgd2ViIGFwcGxpY2F0aW9uIGlzIHZ1bG5lcmFibGUgdG8gYm90aCBvZiB0aGVzZSBhdHRhY2tzLiAgICAgICAgICAgICAgICAgICAgICAgICAgICBNb3JlIGluZm9ybWF0aW9uIGFib3V0IGNyb3NzIHNpdGUgc2NyaXB0aW5nICZhbXA7IFNRTCAgICAgICAgICAgICAgICAgICAgICAgICAgICBpbmplY3Rpb24gYXQgb3VyIHdlYnNpdGUgc2VjdXJpdHkgaW5mbyBwYWdlLjwvcD4gICAgICAgICAgICAgICAgICAgICAgICAgICA8cD48c3Ryb25nPkFjdW5ldGl4IFdlYiBWdWxuZXJhYmlsaXR5IFNjYW5uZXIgYWxzbyBjaGVja3MgZm9yICAgICAgICAgICAgICAgICAgICAgICAgICAgIHRoZSBmb2xsb3dpbmcgd2ViIGF0dGFja3M6PC9zdHJvbmc%2bPC9wPiAgICAgICAgICAgICAgICAgICAgICAgICAgIDx1bD4gPGxpPkNSTEYgaW5qZWN0aW9uIGF0dGFja3M8YnIgLz4gICAgICAgICAgICAgICAgICAgICAgICAgICA8L2xpPjxsaT5Db2RlIGV4ZWN1dGlvbiBhdHRhY2tzPGJyIC8%2bICAgICAgICAgICAgICAgICAgICAgICAgICAgPC9saT48bGk%2bRGlyZWN0b3J5IHRyYXZlcnNhbCBhdHRhY2tzPGJyIC8%2bICAgICAgICAgICAgICAgICAgICAgICAgICAgPC9saT48bGk%2bRmlsZSBpbmNsdXNpb24gYXR0YWNrczxiciAvPiAgICAgICAgICAgICAgICAgICAgICAgICAgIDwvbGk%2bPGxpPiBJbnB1dCB2YWxpZGF0aW9uIGF0dGFja3M8YnIgLz4gICAgICAgICAgICAgICAgICAgICAgICAgICA8L2xpPjxsaT5BdXRoZW50aWNhdGlvbiBhdHRhY2tzLjwvbGk%2bIDwvdWw%2bICAgICAgICAgICAgICAgICAgICAgICAgICAgPHA%2bPHN0cm9uZz5BZHZhbmNlZCBwZW5ldHJhdGlvbiB0ZXN0aW5nIHRvb2xzPC9zdHJvbmc%2bPGJyIC8%2bICAgICAgICAgICAgICAgICAgICAgICAgICAgQWN1bmV0aXggV1ZTIGFsc28gaW5jbHVkZXMgdG9vbHMgc3VjaCBhcyBhbiBIVFRQIGVkaXRvciAgICAgICAgICAgICAgICAgICAgICAgICAgICAmYW1wOyBIVFRQIHNuaWZmZXIgdG8gYWxsb3cgY3VzdG9taXphdGlvbiBvZiB3ZWIgdnVsbmVyYWJpbGl0eSAgICAgICAgICAgICAgICAgICAgICAgICAgICBjaGVja3MuIFVzaW5nIHRoZSBWdWxuZXJhYmlsaXR5IGVkaXRvciwgbmV3IGF0dGFja3MgICAgICAgICAgICAgICAgICAgICAgICAgICAgY2FuIGVhc2lseSBiZSBjcmVhdGVkLjwvcD4gICAgICAgICAgICAgICAgICAgICAgICAgICA8cD48c3Ryb25nPlByaWNpbmcgJmFtcDsgYXZhaWxhYmlsaXR5PC9zdHJvbmc%2bPGJyIC8%2bICAgICAgICAgICAgICAgICAgICAgICAgICAgQWN1bmV0aXggV1ZTIGlzIGF2YWlsYWJsZSBhcyBhbiBlbnRlcnByaXNlIG9yIGFzIGEgY29uc3VsdGFudCAgICAgICAgICAgICAgICAgICAgICAgICAgICB2ZXJzaW9uLiBBIHN1YnNjcmlwdGlvbiBiYXNlZCBsaWNlbnNlIGNhbiBiZSBwdXJjaGFzZWQgICAgICAgICAgICAgICAgICAgICAgICAgICAgZm9yIGFzIGxpdHRsZSBhcyAkMzk1LCB3aGVyZWFzIGEgcGVycGV0dWFsIGxpY2Vuc2Ugc3RhcnRzICAgICAgICAgICAgICAgICAgICAgICAgICAgIGF0ICQyOTk1LiBGb3IgbW9yZSBpbmZvcm1hdGlvbiB2aXNpdCBvdXIgcHJpY2luZyBwYWdlLjwvcD4gICAgICAgICAgICAgICAgICAgICAgICAgICA8cD48c3Ryb25nPkFib3V0IEFjdW5ldGl4PC9zdHJvbmc%2bPC9wPiAgICAgPHA%2bVXNlci1mcmllbmRseSBhbmQgY29tcGV0aXRpdmVseSBwcmljZWQsIEFjdW5ldGl4IGxlYWRzIHRoZSBtYXJrZXQgaW4gYXV0b21hdGljIHdlYiBzZWN1cml0eSB0ZXN0aW5nIHRlY2hub2xvZ3kuIEl0cyBpbmR1c3RyeS1sZWFkaW5nIGNyYXdsZXIgZnVsbHkgc3VwcG9ydHMgSFRNTDUsIEphdmFTY3JpcHQsIGFuZCBBSkFYLWhlYXZ5IHdlYnNpdGVzLCBlbmFibGluZyB0aGUgYXVkaXRpbmcgb2YgY29tcGxleCwgYXV0aGVudGljYXRlZCBhcHBsaWNhdGlvbnMuIEFjdW5ldGl4IHByb3ZpZGVzIHRoZSBvbmx5IHRlY2hub2xvZ3kgb24gdGhlIG1hcmtldCB0aGF0IGNhbiBhdXRvbWF0aWNhbGx5IGRldGVjdCBvdXQtb2YtYmFuZCB2dWxuZXJhYmlsaXRpZXMgYW5kIGlzIGF2YWlsYWJsZSBib3RoIGFzIGFuIG9ubGluZSBhbmQgb24tcHJlbWlzZXMgc29sdXRpb24uIEFjdW5ldGl4IGFsc28gaW5jbHVkZXMgaW50ZWdyYXRlZCB2dWxuZXJhYmlsaXR5IG1hbmFnZW1lbnQgZmVhdHVyZXMgdG8gZXh0ZW5kIHRoZSBlbnRlcnByaXNlJnJzcXVvO3MgYWJpbGl0eSB0byBjb21wcmVoZW5zaXZlbHkgbWFuYWdlLCBwcmlvcml0aXplLCBhbmQgY29udHJvbCB2dWxuZXJhYmlsaXR5IHRocmVhdHMgJm5kYXNoOyBvcmRlcmVkIGJ5IGJ1c2luZXNzIGNyaXRpY2FsaXR5LjwvcD5kAgkPDxYCHgtOYXZpZ2F0ZVVybAUSQ29tbWVudHMuYXNweD9pZD0yZGQCCw8WAh4Dc3JjBQxhZHMvZGVmLmh0bWxkZCqQXr9Bo%2bfii5vVAAhGyfGRVNk1&__VIEWSTATEGENERATOR=532053C5',0,0,0,0,0,0,1
POST,b'/Comments.aspx?id=3',b'btnSend=Send%20comment&tbComment=1&__EVENTARGUMENT=&__EVENTTARGET=&__EVENTVALIDATION=/wEWWQLj8dP9DwKAgcfvBQKFzrr8AQKOltisCQLwvM6uDAK/k4PoDAK/k4PoDAK/k7ePBAK/k7ePBAK/k6uiDQK/k6uiDQK/k9/GBgK/k9/GBgK/k7OuAwK/k7OuAwK/k6fFDAK/k6fFDAKQurHqDwKQurHqDwKQuqWBBwKQuqWBBwKQutklApC62SUCkLrN%2bAkCkLrN%2bAkCkLrhnwECkLrhnwECkLqVsgoCkLqVsgoCkLqJyQMCkLqJyQMCkLq97AwCkLq97AwCkLqR1QkCkLqR1QkCkLqF6AICkLqF6AIC19nEngcC19nEngcC19n4NQLX2fg1AtfZ7MgJAtfZ7MgJAtfZgO8CAtfZgO8CAtfZtIIKAtfZtIIKAtfZqNkDAtfZqNkDAtfZ3P0MAtfZ3P0MAtfZ8JAEAtfZ8JAEAtfZpPgCAtfZpPgCAtfZ2JwKAtfZ2JwKAqjgqoQNAqjgqoQNAqjg3tgGAqjg3tgGAqjg8v8PAqjg8v8PAqjg5pIHAqjg5pIHAqjgmikCqOCaKQKo4I7MCQKo4I7MCQKo4KLjAgKo4KLjAgKo4NaHCgKo4NaHCgKo4IrvCAKo4IrvCAKo4L4CAqjgvgICjfeIqwMCjfeIqwMCjfe8zgwCjfe8zgwCjffQ4gUCjffQ4gUCjffEuQ0CjffEuQ0Cjff43AYCjff43AYCjffs8w8Cjffs8w/qor%2bxywCuL4C5Rfqj9UdtIoCFtA%3d%3d&__VIEWSTATE=/wEPDwUKLTg2MjcwMzE2Mg9kFgICAQ9kFggCAQ9kFgQCAQ8WBB4EaHJlZgUKbG9naW4uYXNweB4JaW5uZXJodG1sBQVsb2dpbmQCAw8WBB8AZB4HVmlzaWJsZWhkAgMPFgIfAQVJcG9zdGVkIGJ5IDxzdHJvbmc%2bYWRtaW4gICAgICAgICAgICAgICAgICAgIDwvc3Ryb25nPjExLzgvMjAwNSAxMTozNzozNSBBTWQCBQ8WBB8BBTFBY3VuZXRpeCBXZWIgVnVsbmVyYWJpbGl0eSBTY2FubmVyIGJldGEgcmVsZWFzZWQhHwAFElJlYWROZXdzLmFzcHg/aWQ9M2QCBw8WAh8BBagBMjYgSmFudWFyeSAyMDA1IC0gQSBiZXRhIHZlcnNpb24gb2YgQWN1bmV0aXggV2ViIFZ1bG5lcmFiaWxpdHkgU2Nhbm5lciBoYXMgYmVlbiByZWxlYXNlZCB0b2RheS4gVGhlIGJldGEgaXMgYXZhaWxhYmxlIGZvciBkb3dubG9hZCBhdCBodHRwOi8vd3d3LmFjdW5ldGl4LmNvbS9kb3dubG9hZC8uZGQzP/MHHnstJY/fWtD4cYSdoYkheQ%3d%3d&__VIEWSTATEGENERATOR=58A73C4D',0,0,0,0,1,0,1
GET,b'/ads/def.html',b'',0,0,0,0,0,0,1
GET,b'/ads',b'',0,0,0,0,0,0,1
GET,b'/ReadNews.aspx?id=3',b'',0,0,0,0,0,0,1
POST,b'/ReadNews.aspx?id=3&NewsAd=ads/def.html',b'__EVENTARGUMENT=&__EVENTTARGET=&__EVENTVALIDATION=/wEWVwLjj6S6DAKOltisCQLwvM6uDAK/k4PoDAK/k4PoDAK/k7ePBAK/k7ePBAK/k6uiDQK/k6uiDQK/k9/GBgK/k9/GBgK/k7OuAwK/k7OuAwK/k6fFDAK/k6fFDAKQurHqDwKQurHqDwKQuqWBBwKQuqWBBwKQutklApC62SUCkLrN%2bAkCkLrN%2bAkCkLrhnwECkLrhnwECkLqVsgoCkLqVsgoCkLqJyQMCkLqJyQMCkLq97AwCkLq97AwCkLqR1QkCkLqR1QkCkLqF6AICkLqF6AIC19nEngcC19nEngcC19n4NQLX2fg1AtfZ7MgJAtfZ7MgJAtfZgO8CAtfZgO8CAtfZtIIKAtfZtIIKAtfZqNkDAtfZqNkDAtfZ3P0MAtfZ3P0MAtfZ8JAEAtfZ8JAEAtfZpPgCAtfZpPgCAtfZ2JwKAtfZ2JwKAqjgqoQNAqjgqoQNAqjg3tgGAqjg3tgGAqjg8v8PAqjg8v8PAqjg5pIHAqjg5pIHAqjgmikCqOCaKQKo4I7MCQKo4I7MCQKo4KLjAgKo4KLjAgKo4NaHCgKo4NaHCgKo4IrvCAKo4IrvCAKo4L4CAqjgvgICjfeIqwMCjfeIqwMCjfe8zgwCjfe8zgwCjffQ4gUCjffQ4gUCjffEuQ0CjffEuQ0Cjff43AYCjff43AYCjffs8w8Cjffs8w8DnchjfuKRu1yVgaHHs5WDMQtXJg%3d%3d&__VIEWSTATE=/wEPDwUKLTM1MjIzMjU2OQ9kFgICAQ9kFgwCAQ9kFgQCAQ8WBB4EaHJlZgUKbG9naW4uYXNweB4JaW5uZXJodG1sBQVsb2dpbmQCAw8WBB8AZB4HVmlzaWJsZWhkAgMPFgIfAQVJcG9zdGVkIGJ5IDxzdHJvbmc%2bYWRtaW4gICAgICAgICAgICAgICAgICAgIDwvc3Ryb25nPjExLzgvMjAwNSAxMTozNToyMiBBTWQCBQ8WAh8BBTxXZWIgYXR0YWNrcyAtIGNhbiB5b3VyIHdlYiBhcHBsaWNhdGlvbnMgd2l0aHN0YW5kIHRoZSBmb3JjZT9kAgcPFgIfAQWbODxwPjxzdHJvbmc%2bQWN1bmV0aXggY29tYmF0cyByaXNlIGluIHdlYiBhdHRhY2tzIHdpdGggQWN1bmV0aXggICAgICAgICAgICAgICAgICAgICAgICAgICAgV2ViIFZ1bG5lcmFiaWxpdHkgU2Nhbm5lciAyIDwvc3Ryb25nPjwvcD4gICAgICAgICAgICAgICAgICAgICAgICAgICA8cD4yMSBKdWx5IDIwMDUgLSA8c3Ryb25nPlN0YXJ0LXVwIGNvbXBhbnkgQWN1bmV0aXggcmVsZWFzZWQgICAgICAgICAgICAgICAgICAgICAgICAgICAgQWN1bmV0aXggV2ViIFZ1bG5lcmFiaWxpdHkgU2Nhbm5lcjogYSB0b29sIHRvIGF1dG9tYXRpY2FsbHkgICAgICAgICAgICAgICAgICAgICAgICAgICAgYXVkaXQgd2Vic2l0ZSBzZWN1cml0eS4gQWN1bmV0aXggV2ViIFZ1bG5lcmFiaWxpdHkgU2Nhbm5lciAgICAgICAgICAgICAgICAgICAgICAgICAgICAyIGNyYXdscyBhbiBlbnRpcmUgd2Vic2l0ZSwgbGF1bmNoZXMgcG9wdWxhciB3ZWIgYXR0YWNrcyAgICAgICAgICAgICAgICAgICAgICAgICAgICAoU1FMIEluamVjdGlvbiBldGMuKSBhbmQgaWRlbnRpZmllcyB2dWxuZXJhYmlsaXRpZXMgICAgICAgICAgICAgICAgICAgICAgICAgICAgdGhhdCBuZWVkIHRvIGJlIGZpeGVkLjwvc3Ryb25nPiA8L3A%2bICAgICAgICAgICAgICAgICAgICAgICAgICAgPHA%2bPHN0cm9uZz5TZWN1cmluZyB5b3VyIHdlYnNpdGUgc2hvdWxkIGJlIHlvdXIgbnVtYmVyIG9uZSAgICAgICAgICAgICAgICAgICAgICAgICAgICBjb25jZXJuPC9zdHJvbmc%2bPGJyIC8%2bICAgICAgICAgICAgICAgICAgICAgICAgICAgSGFja2VycyBhcmUgY29uY2VudHJhdGluZyB0aGVpciBlZmZvcnRzIG9uIHdlYi1iYXNlZCAgICAgICAgICAgICAgICAgICAgICAgICAgICBhcHBsaWNhdGlvbnMgLSA3NSUgb2YgY3liZXIgYXR0YWNrcyBhcmUgZG9uZSBhdCB0aGUgICAgICAgICAgICAgICAgICAgICAgICAgICAgd2ViIGFwcGxpY2F0aW9uIGxldmVsLCBhIEdhcnRuZXIgR3JvdXAgc3R1ZHkgaGFzIHJldmVhbGVkLiAgICAgICAgICAgICAgICAgICAgICAgICAgICBXZWIgYXBwbGljYXRpb25zIGFyZSBhY2Nlc3NpYmxlIDI0IGhvdXJzIGEgZGF5LCA3IGRheXMgICAgICAgICAgICAgICAgICAgICAgICAgICAgYSB3ZWVrIGFuZCBjb250cm9sIHZhbHVhYmxlIGRhdGEgc3VjaCBhcyBjdXN0b21lciBpbmZvcm1hdGlvbiwgICAgICAgICAgICAgICAgICAgICAgICAgICAgdHJhbnNhY3Rpb24gaW5mb3JtYXRpb24gYW5kIGV2ZW4gcHJvcHJpZXRhcnkgY29ycG9yYXRlICAgICAgICAgICAgICAgICAgICAgICAgICAgIGRhdGEuPC9wPiAgICAgICAgICAgICAgICAgICAgICAgICAgIDxwPjxzdHJvbmc%2bNTAwLDAwMCBjdXN0b21lciBjcmVkaXQgY2FyZCBudW1iZXJzIG9idGFpbmVkIHZpYSAgICAgICAgICAgICAgICAgICAgICAgICAgICBhIHdlYiBhdHRhY2s8L3N0cm9uZz48YnIgLz4gICAgICAgICAgICAgICAgICAgICAgICAgICBXZWxsLWtub3duIHNpdGVzIHRoYXQgd2VyZSBvcGVuIHRvIHdlYiBhcHBsaWNhdGlvbiBhdHRhY2tzICAgICAgICAgICAgICAgICAgICAgICAgICAgIGluY2x1ZGUgZmFzaGlvbiBsYWJlbCBHdWVzcyBhbmQgcGV0IHN1cHBseSByZXRhaWxlciAgICAgICAgICAgICAgICAgICAgICAgICAgICBQZXRDby5jb20gd2hvIHdlcmUgbm90b3Jpb3VzbHkgZm91bmQgdG8gYmUgdnVsbmVyYWJsZSAgICAgICAgICAgICAgICAgICAgICAgICAgICB0byB0aGUgU1FMIGluamVjdGlvbiB2dWxuZXJhYmlsaXR5IChKdW5lIDIwMDMpLiBUaGlzICAgICAgICAgICAgICAgICAgICAgICAgICAgIHJlc3VsdGVkIGluIFBldENvIGxlYXZpbmcgYXMgbWFueSBhcyA1MDAsMDAwIGNyZWRpdCAgICAgICAgICAgICAgICAgICAgICAgICAgICBjYXJkIG51bWJlcnMgb3BlbiB0byBhbnlvbmUgYWJsZSB0byBjb25zdHJ1Y3QgdGhpcyBzcGVjaWFsbHktY3JhZnRlZCAgICAgICAgICAgICAgICAgICAgICAgICAgICBVUkwuPC9wPiAgICAgICAgICAgICAgICAgICAgICAgICAgIDxwPjxzdHJvbmc%2bRmlyZXdhbGxzLCBTU0wgYW5kIGxvY2tlZC1kb3duIHNlcnZlcnMgYXJlIGZ1dGlsZSAgICAgICAgICAgICAgICAgICAgICAgICAgICBhZ2FpbnN0IHdlYiBhcHBsaWNhdGlvbiBoYWNraW5nPC9zdHJvbmc%2bPGJyIC8%2bICAgICAgICAgICAgICAgICAgICAgICAgICAgQW55IGRlZmVuc2UgYXQgbmV0d29yayBzZWN1cml0eSBsZXZlbCB3aWxsIHByb3ZpZGUgbm8gICAgICAgICAgICAgICAgICAgICAgICAgICAgcHJvdGVjdGlvbiBhZ2FpbnN0IHdlYiBhcHBsaWNhdGlvbiBhdHRhY2tzIHNpbmNlIHRoZXkgICAgICAgICAgICAgICAgICAgICAgICAgICAgYXJlIGxhdW5jaGVkIG9uIHBvcnQgODAgLSB3aGljaCBoYXMgdG8gcmVtYWluIG9wZW4uICAgICAgICAgICAgICAgICAgICAgICAgICAgIEluIGFkZGl0aW9uLCB3ZWIgYXBwbGljYXRpb25zIChjdXN0b21lciBhcmVhcywgc2hvcHBpbmcgICAgICAgICAgICAgICAgICAgICAgICAgICAgY2FydHMgZXRjLikgYXJlIG9mdGVuIHRhaWxvci1tYWRlLCBpbnZhcmlhYmx5IHRlc3RlZCAgICAgICAgICAgICAgICAgICAgICAgICAgICBsZXNzIHRoYW4gb2ZmLXRoZS1zaGVsZiBzb2Z0d2FyZSBhbmQgYXJlIHRoZXJlZm9yZSBtb3JlICAgICAgICAgICAgICAgICAgICAgICAgICAgIHN1c2NlcHRpYmxlIHRvIGF0dGFjay48L3A%2bICAgICAgICAgICAgICAgICAgICAgICAgICAgPHA%2bJnF1b3Q7Q29tcGFuaWVzIGhhdmUgaW1wbGVtZW50ZWQgbmV0d29yay1sZXZlbCBzZWN1cml0eSwgICAgICAgICAgICAgICAgICAgICAgICAgICAgaG93ZXZlciB0aGV5IGZhaWwgdG8gYXVkaXQgYW5kIHNlY3VyZSB0aGVpciB3ZWIgYXBwbGljYXRpb25zLiAgICAgICAgICAgICAgICAgICAgICAgICAgICBUaGVzZSBhcHBsaWNhdGlvbnMgaGF2ZSBhY2Nlc3MgdG8gc2Vuc2l0aXZlIGRhdGEgYW5kICAgICAgICAgICAgICAgICAgICAgICAgICAgIGFyZSBhIGhhY2tlcidzIHByaW1lIHRhcmdldCwmcXVvdDsgc2FpZCBOaWNrIEdhbGVhLCAgICAgICAgICAgICAgICAgICAgICAgICAgICBDRU8gb2YgQWN1bmV0aXguICZxdW90O0F1ZGl0aW5nIG9uZSdzIHdlYiBhcHBzIHNob3VsZCAgICAgICAgICAgICAgICAgICAgICAgICAgICBiZSB0aGUgbnVtYmVyIG9uZSBzZWN1cml0eSBjb25jZXJuLiZxdW90OzwvcD4gICAgICAgICAgICAgICAgICAgICAgICAgICA8cD48c3Ryb25nPlRoZSBuZWVkIGZvciBhbiBhdXRvbWF0ZWQgd2ViIGFwcGxpY2F0aW9uIHZ1bG5lcmFiaWxpdHkgICAgICAgICAgICAgICAgICAgICAgICAgICAgc2Nhbm5lcjwvc3Ryb25nPjxiciAvPiAgICAgICAgICAgICAgICAgICAgICAgICAgIE1hbnVhbGx5IGF1ZGl0aW5nIGEgd2ViIGFwcGxpY2F0aW9uIGZvciB2dWxuZXJhYmlsaXRpZXMgICAgICAgICAgICAgICAgICAgICAgICAgICAgdG8gU1FMIGluamVjdGlvbiwgY3Jvc3Mgc2l0ZSBzY3JpcHRpbmcgYW5kIG90aGVyIHdlYiAgICAgICAgICAgICAgICAgICAgICAgICAgICBhdHRhY2tzIGlzIHZpcnR1YWxseSBpbXBvc3NpYmxlLiBXaXRoIEFjdW5ldGl4IFdlYiBWdWxuZXJhYmlsaXR5ICAgICAgICAgICAgICAgICAgICAgICAgICAgIFNjYW5uZXIgdGhlIHByb2Nlc3Mgb2YgYXVkaXRpbmcgd2ViIGFwcGxpY2F0aW9ucyBzdWNoICAgICAgICAgICAgICAgICAgICAgICAgICAgIGFzIHNob3BwaW5nIGNhcnRzIGFuZCBmb3JtcywgY2FuIGJlIGVhc2lseSBhdXRvbWF0ZWQuICAgICAgICAgICAgICAgICAgICAgICAgICAgIFdoYXQncyBtb3JlLCB0aGUgc2VjdXJpdHkgY2hlY2tzIGNhbiBlYXNpbHkgYmUgcmUtbGF1bmNoZWQgICAgICAgICAgICAgICAgICAgICAgICAgICAgZm9yIGVhY2ggYXBwbGljYXRpb24gdXBkYXRlLjwvcD4gICAgICAgICAgICAgICAgICAgICAgICAgICA8cD48c3Ryb25nPkhvdyBBY3VuZXRpeCBXZWIgVnVsbmVyYWJpbGl0eSBTY2FubmVyIHdvcmtzPC9zdHJvbmc%2bPGJyIC8%2bICAgICAgICAgICAgICAgICAgICAgICAgICAgQWN1bmV0aXggV1ZTIGZpcnN0IGNyYXdscyB0aGUgd2hvbGUgd2Vic2l0ZSwgYW5hbHl6ZXMgICAgICAgICAgICAgICAgICAgICAgICAgICAgaW4tZGVwdGggZWFjaCBmaWxlIGl0IGZpbmRzLCBhbmQgZGlzcGxheXMgdGhlIGVudGlyZSAgICAgICAgICAgICAgICAgICAgICAgICAgICB3ZWJzaXRlIHN0cnVjdHVyZS4gQWZ0ZXIgdGhpcyBkaXNjb3Zlcnkgc3RhZ2UsIGl0IHBlcmZvcm1zICAgICAgICAgICAgICAgICAgICAgICAgICAgIGFuIGF1dG9tYXRpYyBhdWRpdCBmb3IgY29tbW9uIHNlY3VyaXR5IHZ1bG5lcmFiaWxpdGllcy48L3A%2bICAgICAgICAgICAgICAgICAgICAgICAgICAgPHA%2bPHN0cm9uZz5BdXRvbWF0aWNhbGx5IGRldGVjdHMgU1FMIGluamVjdGlvbiwgY3Jvc3Mgc2l0ZSAgICAgICAgICAgICAgICAgICAgICAgICAgICBzY3JpcHRpbmcgYW5kIG90aGVyIHdlYiB2dWxuZXJhYmlsaXRpZXM8L3N0cm9uZz48YnIgLz4gICAgICAgICAgICAgICAgICAgICAgICAgICBTUUwgaW5qZWN0aW9uIGlzIGEgaGFja2luZyB0ZWNobmlxdWUgd2hpY2ggbW9kaWZpZXMgICAgICAgICAgICAgICAgICAgICAgICAgICAgU1FMIGNvbW1hbmRzIGluIG9yZGVyIHRvIGdhaW4gYWNjZXNzIHRvIGRhdGEgaW4gdGhlICAgICAgICAgICAgICAgICAgICAgICAgICAgIGRhdGFiYXNlLiBDcm9zcyBzaXRlIHNjcmlwdGluZyBhdHRhY2tzIGFsbG93IGEgaGFja2VyICAgICAgICAgICAgICAgICAgICAgICAgICAgIHRvIGV4ZWN1dGUgYSBtYWxpY2lvdXMgc2NyaXB0IG9uIHlvdXIgdmlzaXRvcnMnIGJyb3dzZXIuICAgICAgICAgICAgICAgICAgICAgICAgICAgIEFjdW5ldGl4IFdlYiBWdWxuZXJhYmlsaXR5IFNjYW5uZXIgY2FuIGNoZWNrIGlmIHlvdXIgICAgICAgICAgICAgICAgICAgICAgICAgICAgd2ViIGFwcGxpY2F0aW9uIGlzIHZ1bG5lcmFibGUgdG8gYm90aCBvZiB0aGVzZSBhdHRhY2tzLiAgICAgICAgICAgICAgICAgICAgICAgICAgICBNb3JlIGluZm9ybWF0aW9uIGFib3V0IGNyb3NzIHNpdGUgc2NyaXB0aW5nICZhbXA7IFNRTCAgICAgICAgICAgICAgICAgICAgICAgICAgICBpbmplY3Rpb24gYXQgb3VyIHdlYnNpdGUgc2VjdXJpdHkgaW5mbyBwYWdlLjwvcD4gICAgICAgICAgICAgICAgICAgICAgICAgICA8cD48c3Ryb25nPkFjdW5ldGl4IFdlYiBWdWxuZXJhYmlsaXR5IFNjYW5uZXIgYWxzbyBjaGVja3MgZm9yICAgICAgICAgICAgICAgICAgICAgICAgICAgIHRoZSBmb2xsb3dpbmcgd2ViIGF0dGFja3M6PC9zdHJvbmc%2bPC9wPiAgICAgICAgICAgICAgICAgICAgICAgICAgIDx1bD4gPGxpPkNSTEYgaW5qZWN0aW9uIGF0dGFja3M8YnIgLz4gICAgICAgICAgICAgICAgICAgICAgICAgICA8L2xpPjxsaT5Db2RlIGV4ZWN1dGlvbiBhdHRhY2tzPGJyIC8%2bICAgICAgICAgICAgICAgICAgICAgICAgICAgPC9saT48bGk%2bRGlyZWN0b3J5IHRyYXZlcnNhbCBhdHRhY2tzPGJyIC8%2bICAgICAgICAgICAgICAgICAgICAgICAgICAgPC9saT48bGk%2bRmlsZSBpbmNsdXNpb24gYXR0YWNrczxiciAvPiAgICAgICAgICAgICAgICAgICAgICAgICAgIDwvbGk%2bPGxpPiBJbnB1dCB2YWxpZGF0aW9uIGF0dGFja3M8YnIgLz4gICAgICAgICAgICAgICAgICAgICAgICAgICA8L2xpPjxsaT5BdXRoZW50aWNhdGlvbiBhdHRhY2tzLjwvbGk%2bIDwvdWw%2bICAgICAgICAgICAgICAgICAgICAgICAgICAgPHA%2bPHN0cm9uZz5BZHZhbmNlZCBwZW5ldHJhdGlvbiB0ZXN0aW5nIHRvb2xzPC9zdHJvbmc%2bPGJyIC8%2bICAgICAgICAgICAgICAgICAgICAgICAgICAgQWN1bmV0aXggV1ZTIGFsc28gaW5jbHVkZXMgdG9vbHMgc3VjaCBhcyBhbiBIVFRQIGVkaXRvciAgICAgICAgICAgICAgICAgICAgICAgICAgICAmYW1wOyBIVFRQIHNuaWZmZXIgdG8gYWxsb3cgY3VzdG9taXphdGlvbiBvZiB3ZWIgdnVsbmVyYWJpbGl0eSAgICAgICAgICAgICAgICAgICAgICAgICAgICBjaGVja3MuIFVzaW5nIHRoZSBWdWxuZXJhYmlsaXR5IGVkaXRvciwgbmV3IGF0dGFja3MgICAgICAgICAgICAgICAgICAgICAgICAgICAgY2FuIGVhc2lseSBiZSBjcmVhdGVkLjwvcD4gICAgICAgICAgICAgICAgICAgICAgICAgICA8cD48c3Ryb25nPlByaWNpbmcgJmFtcDsgYXZhaWxhYmlsaXR5PC9zdHJvbmc%2bPGJyIC8%2bICAgICAgICAgICAgICAgICAgICAgICAgICAgQWN1bmV0aXggV1ZTIGlzIGF2YWlsYWJsZSBhcyBhbiBlbnRlcnByaXNlIG9yIGFzIGEgY29uc3VsdGFudCAgICAgICAgICAgICAgICAgICAgICAgICAgICB2ZXJzaW9uLiBBIHN1YnNjcmlwdGlvbiBiYXNlZCBsaWNlbnNlIGNhbiBiZSBwdXJjaGFzZWQgICAgICAgICAgICAgICAgICAgICAgICAgICAgZm9yIGFzIGxpdHRsZSBhcyAkMzk1LCB3aGVyZWFzIGEgcGVycGV0dWFsIGxpY2Vuc2Ugc3RhcnRzICAgICAgICAgICAgICAgICAgICAgICAgICAgIGF0ICQyOTk1LiBGb3IgbW9yZSBpbmZvcm1hdGlvbiB2aXNpdCBvdXIgcHJpY2luZyBwYWdlLjwvcD4gICAgICAgICAgICAgICAgICAgICAgICAgICA8cD48c3Ryb25nPkFib3V0IEFjdW5ldGl4PC9zdHJvbmc%2bPC9wPiAgICAgPHA%2bVXNlci1mcmllbmRseSBhbmQgY29tcGV0aXRpdmVseSBwcmljZWQsIEFjdW5ldGl4IGxlYWRzIHRoZSBtYXJrZXQgaW4gYXV0b21hdGljIHdlYiBzZWN1cml0eSB0ZXN0aW5nIHRlY2hub2xvZ3kuIEl0cyBpbmR1c3RyeS1sZWFkaW5nIGNyYXdsZXIgZnVsbHkgc3VwcG9ydHMgSFRNTDUsIEphdmFTY3JpcHQsIGFuZCBBSkFYLWhlYXZ5IHdlYnNpdGVzLCBlbmFibGluZyB0aGUgYXVkaXRpbmcgb2YgY29tcGxleCwgYXV0aGVudGljYXRlZCBhcHBsaWNhdGlvbnMuIEFjdW5ldGl4IHByb3ZpZGVzIHRoZSBvbmx5IHRlY2hub2xvZ3kgb24gdGhlIG1hcmtldCB0aGF0IGNhbiBhdXRvbWF0aWNhbGx5IGRldGVjdCBvdXQtb2YtYmFuZCB2dWxuZXJhYmlsaXRpZXMgYW5kIGlzIGF2YWlsYWJsZSBib3RoIGFzIGFuIG9ubGluZSBhbmQgb24tcHJlbWlzZXMgc29sdXRpb24uIEFjdW5ldGl4IGFsc28gaW5jbHVkZXMgaW50ZWdyYXRlZCB2dWxuZXJhYmlsaXR5IG1hbmFnZW1lbnQgZmVhdHVyZXMgdG8gZXh0ZW5kIHRoZSBlbnRlcnByaXNlJnJzcXVvO3MgYWJpbGl0eSB0byBjb21wcmVoZW5zaXZlbHkgbWFuYWdlLCBwcmlvcml0aXplLCBhbmQgY29udHJvbCB2dWxuZXJhYmlsaXR5IHRocmVhdHMgJm5kYXNoOyBvcmRlcmVkIGJ5IGJ1c2luZXNzIGNyaXRpY2FsaXR5LjwvcD5kAgkPDxYCHgtOYXZpZ2F0ZVVybAUSQ29tbWVudHMuYXNweD9pZD0yZGQCCw8WAh4Dc3JjBQxhZHMvZGVmLmh0bWxkZCqQXr9Bo%2bfii5vVAAhGyfGRVNk1&__VIEWSTATEGENERATOR=532053C5',0,0,0,0,0,0,1
POST,b'/login.aspx',b'btnLogin=Login&cbPersistCookie=on&tbPassword=g00dPa%24%24w0rD&tbUsername=yfnfdfjv&__EVENTARGUMENT=&__EVENTTARGET=&__EVENTVALIDATION=/wEWWwLoz/fGCgLStq24BwK3jsrkBALtuvfLDQKC3IeGDAKOltisCQLwvM6uDAK/k4PoDAK/k4PoDAK/k7ePBAK/k7ePBAK/k6uiDQK/k6uiDQK/k9/GBgK/k9/GBgK/k7OuAwK/k7OuAwK/k6fFDAK/k6fFDAKQurHqDwKQurHqDwKQuqWBBwKQuqWBBwKQutklApC62SUCkLrN%2bAkCkLrN%2bAkCkLrhnwECkLrhnwECkLqVsgoCkLqVsgoCkLqJyQMCkLqJyQMCkLq97AwCkLq97AwCkLqR1QkCkLqR1QkCkLqF6AICkLqF6AIC19nEngcC19nEngcC19n4NQLX2fg1AtfZ7MgJAtfZ7MgJAtfZgO8CAtfZgO8CAtfZtIIKAtfZtIIKAtfZqNkDAtfZqNkDAtfZ3P0MAtfZ3P0MAtfZ8JAEAtfZ8JAEAtfZpPgCAtfZpPgCAtfZ2JwKAtfZ2JwKAqjgqoQNAqjgqoQNAqjg3tgGAqjg3tgGAqjg8v8PAqjg8v8PAqjg5pIHAqjg5pIHAqjgmikCqOCaKQKo4I7MCQKo4I7MCQKo4KLjAgKo4KLjAgKo4NaHCgKo4NaHCgKo4IrvCAKo4IrvCAKo4L4CAqjgvgICjfeIqwMCjfeIqwMCjfe8zgwCjfe8zgwCjffQ4gUCjffQ4gUCjffEuQ0CjffEuQ0Cjff43AYCjff43AYCjffs8w8Cjffs8w%2bvQmHAdhGYVq3z%2bdY2oMS8CpIMsg%3d%3d&__VIEWSTATE=/wEPDwUKLTIyMzk2OTgxMQ9kFgICAQ9kFgICAQ9kFgQCAQ8WBB4EaHJlZgUKbG9naW4uYXNweB4JaW5uZXJodG1sBQVsb2dpbmQCAw8WBB8AZB4HVmlzaWJsZWhkGAEFHl9fQ29udHJvbHNSZXF1aXJlUG9zdEJhY2tLZXlfXxYBBQ9jYlBlcnNpc3RDb29raWVzwbv%2bQ8XadeewSqHhJbH9z4dvJw%3d%3d&__VIEWSTATEGENERATOR=C2EE9ABB',0,0,0,0,0,0,1
POST,b'/login.aspx',b'btnLogin=Login&tbPassword=g00dPa%24%24w0rD&tbUsername=pistefmx&__EVENTARGUMENT=&__EVENTTARGET=&__EVENTVALIDATION=/wEWWwLoz/fGCgLStq24BwK3jsrkBALtuvfLDQKC3IeGDAKOltisCQLwvM6uDAK/k4PoDAK/k4PoDAK/k7ePBAK/k7ePBAK/k6uiDQK/k6uiDQK/k9/GBgK/k9/GBgK/k7OuAwK/k7OuAwK/k6fFDAK/k6fFDAKQurHqDwKQurHqDwKQuqWBBwKQuqWBBwKQutklApC62SUCkLrN%2bAkCkLrN%2bAkCkLrhnwECkLrhnwECkLqVsgoCkLqVsgoCkLqJyQMCkLqJyQMCkLq97AwCkLq97AwCkLqR1QkCkLqR1QkCkLqF6AICkLqF6AIC19nEngcC19nEngcC19n4NQLX2fg1AtfZ7MgJAtfZ7MgJAtfZgO8CAtfZgO8CAtfZtIIKAtfZtIIKAtfZqNkDAtfZqNkDAtfZ3P0MAtfZ3P0MAtfZ8JAEAtfZ8JAEAtfZpPgCAtfZpPgCAtfZ2JwKAtfZ2JwKAqjgqoQNAqjgqoQNAqjg3tgGAqjg3tgGAqjg8v8PAqjg8v8PAqjg5pIHAqjg5pIHAqjgmikCqOCaKQKo4I7MCQKo4I7MCQKo4KLjAgKo4KLjAgKo4NaHCgKo4NaHCgKo4IrvCAKo4IrvCAKo4L4CAqjgvgICjfeIqwMCjfeIqwMCjfe8zgwCjfe8zgwCjffQ4gUCjffQ4gUCjffEuQ0CjffEuQ0Cjff43AYCjff43AYCjffs8w8Cjffs8w%2bvQmHAdhGYVq3z%2bdY2oMS8CpIMsg%3d%3d&__VIEWSTATE=/wEPDwUKLTIyMzk2OTgxMQ9kFgICAQ9kFgICAQ9kFgQCAQ8WBB4EaHJlZgUKbG9naW4uYXNweB4JaW5uZXJodG1sBQVsb2dpbmQCAw8WBB8AZB4HVmlzaWJsZWhkGAEFHl9fQ29udHJvbHNSZXF1aXJlUG9zdEJhY2tLZXlfXxYBBQ9jYlBlcnNpc3RDb29raWVzwbv%2bQ8XadeewSqHhJbH9z4dvJw%3d%3d&__VIEWSTATEGENERATOR=C2EE9ABB',0,0,0,0,0,0,1
GET,b'/images/',b'',0,0,0,0,0,0,1
POST,b'/Comments.aspx?id=0',b'btnSend=Send%20comment&tbComment=1&__EVENTARGUMENT=&__EVENTTARGET=&__EVENTVALIDATION=/wEWWQLj8dP9DwKAgcfvBQKFzrr8AQKOltisCQLwvM6uDAK/k4PoDAK/k4PoDAK/k7ePBAK/k7ePBAK/k6uiDQK/k6uiDQK/k9/GBgK/k9/GBgK/k7OuAwK/k7OuAwK/k6fFDAK/k6fFDAKQurHqDwKQurHqDwKQuqWBBwKQuqWBBwKQutklApC62SUCkLrN%2bAkCkLrN%2bAkCkLrhnwECkLrhnwECkLqVsgoCkLqVsgoCkLqJyQMCkLqJyQMCkLq97AwCkLq97AwCkLqR1QkCkLqR1QkCkLqF6AICkLqF6AIC19nEngcC19nEngcC19n4NQLX2fg1AtfZ7MgJAtfZ7MgJAtfZgO8CAtfZgO8CAtfZtIIKAtfZtIIKAtfZqNkDAtfZqNkDAtfZ3P0MAtfZ3P0MAtfZ8JAEAtfZ8JAEAtfZpPgCAtfZpPgCAtfZ2JwKAtfZ2JwKAqjgqoQNAqjgqoQNAqjg3tgGAqjg3tgGAqjg8v8PAqjg8v8PAqjg5pIHAqjg5pIHAqjgmikCqOCaKQKo4I7MCQKo4I7MCQKo4KLjAgKo4KLjAgKo4NaHCgKo4NaHCgKo4IrvCAKo4IrvCAKo4L4CAqjgvgICjfeIqwMCjfeIqwMCjfe8zgwCjfe8zgwCjffQ4gUCjffQ4gUCjffEuQ0CjffEuQ0Cjff43AYCjff43AYCjffs8w8Cjffs8w/qor%2bxywCuL4C5Rfqj9UdtIoCFtA%3d%3d&__VIEWSTATE=/wEPDwUKLTg2MjcwMzE2Mg9kFgICAQ9kFggCAQ9kFgQCAQ8WBB4EaHJlZgUKbG9naW4uYXNweB4JaW5uZXJodG1sBQVsb2dpbmQCAw8WBB8AZB4HVmlzaWJsZWhkAgMPFgIfAQVJcG9zdGVkIGJ5IDxzdHJvbmc%2bYWRtaW4gICAgICAgICAgICAgICAgICAgIDwvc3Ryb25nPjExLzgvMjAwNSAxMTozNzozNSBBTWQCBQ8WBB8BBTFBY3VuZXRpeCBXZWIgVnVsbmVyYWJpbGl0eSBTY2FubmVyIGJldGEgcmVsZWFzZWQhHwAFElJlYWROZXdzLmFzcHg/aWQ9M2QCBw8WAh8BBagBMjYgSmFudWFyeSAyMDA1IC0gQSBiZXRhIHZlcnNpb24gb2YgQWN1bmV0aXggV2ViIFZ1bG5lcmFiaWxpdHkgU2Nhbm5lciBoYXMgYmVlbiByZWxlYXNlZCB0b2RheS4gVGhlIGJldGEgaXMgYXZhaWxhYmxlIGZvciBkb3dubG9hZCBhdCBodHRwOi8vd3d3LmFjdW5ldGl4LmNvbS9kb3dubG9hZC8uZGQzP/MHHnstJY/fWtD4cYSdoYkheQ%3d%3d&__VIEWSTATEGENERATOR=58A73C4D',0,0,0,0,1,0,1
POST,b'/Comments.aspx?id=2',b'btnSend=Send%20comment&tbComment=1&__EVENTARGUMENT=&__EVENTTARGET=&__EVENTVALIDATION=/wEWWQLj8dP9DwKAgcfvBQKFzrr8AQKOltisCQLwvM6uDAK/k4PoDAK/k4PoDAK/k7ePBAK/k7ePBAK/k6uiDQK/k6uiDQK/k9/GBgK/k9/GBgK/k7OuAwK/k7OuAwK/k6fFDAK/k6fFDAKQurHqDwKQurHqDwKQuqWBBwKQuqWBBwKQutklApC62SUCkLrN%2bAkCkLrN%2bAkCkLrhnwECkLrhnwECkLqVsgoCkLqVsgoCkLqJyQMCkLqJyQMCkLq97AwCkLq97AwCkLqR1QkCkLqR1QkCkLqF6AICkLqF6AIC19nEngcC19nEngcC19n4NQLX2fg1AtfZ7MgJAtfZ7MgJAtfZgO8CAtfZgO8CAtfZtIIKAtfZtIIKAtfZqNkDAtfZqNkDAtfZ3P0MAtfZ3P0MAtfZ8JAEAtfZ8JAEAtfZpPgCAtfZpPgCAtfZ2JwKAtfZ2JwKAqjgqoQNAqjgqoQNAqjg3tgGAqjg3tgGAqjg8v8PAqjg8v8PAqjg5pIHAqjg5pIHAqjgmikCqOCaKQKo4I7MCQKo4I7MCQKo4KLjAgKo4KLjAgKo4NaHCgKo4NaHCgKo4IrvCAKo4IrvCAKo4L4CAqjgvgICjfeIqwMCjfeIqwMCjfe8zgwCjfe8zgwCjffQ4gUCjffQ4gUCjffEuQ0CjffEuQ0Cjff43AYCjff43AYCjffs8w8Cjffs8w/qor%2bxywCuL4C5Rfqj9UdtIoCFtA%3d%3d&__VIEWSTATE=/wEPDwUKLTg2MjcwMzE2Mg9kFgICAQ9kFggCAQ9kFgQCAQ8WBB4EaHJlZgUKbG9naW4uYXNweB4JaW5uZXJodG1sBQVsb2dpbmQCAw8WBB8AZB4HVmlzaWJsZWhkAgMPFgIfAQVJcG9zdGVkIGJ5IDxzdHJvbmc%2bYWRtaW4gICAgICAgICAgICAgICAgICAgIDwvc3Ryb25nPjExLzgvMjAwNSAxMTozNzozNSBBTWQCBQ8WBB8BBTFBY3VuZXRpeCBXZWIgVnVsbmVyYWJpbGl0eSBTY2FubmVyIGJldGEgcmVsZWFzZWQhHwAFElJlYWROZXdzLmFzcHg/aWQ9M2QCBw8WAh8BBagBMjYgSmFudWFyeSAyMDA1IC0gQSBiZXRhIHZlcnNpb24gb2YgQWN1bmV0aXggV2ViIFZ1bG5lcmFiaWxpdHkgU2Nhbm5lciBoYXMgYmVlbiByZWxlYXNlZCB0b2RheS4gVGhlIGJldGEgaXMgYXZhaWxhYmxlIGZvciBkb3dubG9hZCBhdCBodHRwOi8vd3d3LmFjdW5ldGl4LmNvbS9kb3dubG9hZC8uZGQzP/MHHnstJY/fWtD4cYSdoYkheQ%3d%3d&__VIEWSTATEGENERATOR=58A73C4D',0,0,0,0,1,0,1
GET,b'/ReadNews.aspx?id=0',b'',0,0,0,0,0,0,1
POST,b'/ReadNews.aspx?id=0',b'__EVENTARGUMENT=&__EVENTTARGET=&__EVENTVALIDATION=/wEWVwK30rH2AgKOltisCQLwvM6uDAK/k4PoDAK/k4PoDAK/k7ePBAK/k7ePBAK/k6uiDQK/k6uiDQK/k9/GBgK/k9/GBgK/k7OuAwK/k7OuAwK/k6fFDAK/k6fFDAKQurHqDwKQurHqDwKQuqWBBwKQuqWBBwKQutklApC62SUCkLrN%2bAkCkLrN%2bAkCkLrhnwECkLrhnwECkLqVsgoCkLqVsgoCkLqJyQMCkLqJyQMCkLq97AwCkLq97AwCkLqR1QkCkLqR1QkCkLqF6AICkLqF6AIC19nEngcC19nEngcC19n4NQLX2fg1AtfZ7MgJAtfZ7MgJAtfZgO8CAtfZgO8CAtfZtIIKAtfZtIIKAtfZqNkDAtfZqNkDAtfZ3P0MAtfZ3P0MAtfZ8JAEAtfZ8JAEAtfZpPgCAtfZpPgCAtfZ2JwKAtfZ2JwKAqjgqoQNAqjgqoQNAqjg3tgGAqjg3tgGAqjg8v8PAqjg8v8PAqjg5pIHAqjg5pIHAqjgmikCqOCaKQKo4I7MCQKo4I7MCQKo4KLjAgKo4KLjAgKo4NaHCgKo4NaHCgKo4IrvCAKo4IrvCAKo4L4CAqjgvgICjfeIqwMCjfeIqwMCjfe8zgwCjfe8zgwCjffQ4gUCjffQ4gUCjffEuQ0CjffEuQ0Cjff43AYCjff43AYCjffs8w8Cjffs8w9%2b6ZgvhM9EDUvwzA8HgKoloMogBA%3d%3d&__VIEWSTATE=/wEPDwUKLTM1MjIzMjU2OQ9kFgICAQ9kFgwCAQ9kFgQCAQ8WBB4EaHJlZgUKbG9naW4uYXNweB4JaW5uZXJodG1sBQVsb2dpbmQCAw8WBB8AZB4HVmlzaWJsZWhkAgMPFgIfAQVJcG9zdGVkIGJ5IDxzdHJvbmc%2bYWRtaW4gICAgICAgICAgICAgICAgICAgIDwvc3Ryb25nPjExLzgvMjAwNSAxMTozNzozNSBBTWQCBQ8WAh8BBTFBY3VuZXRpeCBXZWIgVnVsbmVyYWJpbGl0eSBTY2FubmVyIGJldGEgcmVsZWFzZWQhZAIHDxYCHwEFnA48cD5EdXJpbmcgdGhlIGJldGEgcGhhc2UsIGJ1aWxkcyBhcmUgcmVsZWFzZWQgZnJlcXVlbnRseSwgICAgICAgICAgICAgICAgICAgICAgICAgICAgdGhlcmVmb3JlIGl0IGlzIG5vdCByZWNvbW1lbmRlZCB0aGF0IHRoZSBzYW1lIGJldGEgdmVyc2lvbiAgICAgICAgICAgICAgICAgICAgICAgICAgICBpcyB1c2VkIGZvciBtb3JlIHRoYW4gMzAgZGF5cy4gVG8gYmV0YS10ZXN0IGJleW9uZCAzMCAgICAgICAgICAgICAgICAgICAgICAgICAgICBkYXlzLCB1c2VycyBzaG91bGQgaW5zdGFsbCB0aGUgbGF0ZXN0IGJldGEgdmVyc2lvbiBvciwgICAgICAgICAgICAgICAgICAgICAgICAgICAgaWYgYXZhaWxhYmxlLCB1c2UgdGhlIHJlbGVhc2UgdmVyc2lvbi48L3A%2bICAgICAgICAgICAgICAgICAgICAgICAgICAgPHA%2bPHN0cm9uZz5BYm91dCBBY3VuZXRpeCBXZWIgVnVsbmVyYWJpbGl0eSBTY2FubmVyPC9zdHJvbmc%2bPGJyIC8%2bICAgICAgICAgICAgICAgICAgICAgICAgICAgQWN1bmV0aXggV2ViIFZ1bG5lcmFiaWxpdHkgU2Nhbm5lciwgYSB1bmlxdWUgd2ViIGFwcGxpY2F0aW9uICAgICAgICAgICAgICAgICAgICAgICAgICAgIHNjYW5uaW5nIHByb2R1Y3QgdGhhdCBtYWtlcyBzZWN1cmluZyBvbmUmcnNxdW87cyB3ZWJzaXRlICAgICAgICAgICAgICAgICAgICAgICAgICAgIGVhc2llciB0aGFuIGV2ZXIuIEFjdW5ldGl4IFdlYiBWdWxuZXJhYmlsaXR5IFNjYW5uZXIgICAgICAgICAgICAgICAgICAgICAgICAgICAgaXMgYW4gYXV0b21hdGVkIHdlYiBhcHBsaWNhdGlvbiBzZWN1cml0eSB0ZXN0aW5nIHRvb2wgICAgICAgICAgICAgICAgICAgICAgICAgICAgdGhhdCBjcmF3bHMgYW4gZW50aXJlIHdlYnNpdGUgYW5kIGF0dGFja3MgaXQgc28gYXMgdG8gICAgICAgICAgICAgICAgICAgICAgICAgICAgaWRlbnRpZnkgcG90ZW50aWFsIHdlYWtuZXNzZXMgYmVmb3JlIGhhY2tlcnMgZG8uIEZ1cnRoZXIgICAgICAgICAgICAgICAgICAgICAgICAgICAgaW5mb3JtYXRpb24gaXMgYXZhaWxhYmxlIDxhIGhyZWY9aHR0cHM6Ly93d3cuYWN1bmV0aXguY29tL3Z1bG5lcmFiaWxpdHktc2Nhbm5lci8%2baGVyZTwvYT4uPC9wPiAgICAgICAgICAgICAgICAgICAgICAgICAgIDxwPjxzdHJvbmc%2bQWJvdXQgQWN1bmV0aXg8L3N0cm9uZz48L3A%2bICAgICA8cD5Vc2VyLWZyaWVuZGx5IGFuZCBjb21wZXRpdGl2ZWx5IHByaWNlZCwgQWN1bmV0aXggbGVhZHMgdGhlIG1hcmtldCBpbiBhdXRvbWF0aWMgd2ViIHNlY3VyaXR5IHRlc3RpbmcgdGVjaG5vbG9neS4gSXRzIGluZHVzdHJ5LWxlYWRpbmcgY3Jhd2xlciBmdWxseSBzdXBwb3J0cyBIVE1MNSwgSmF2YVNjcmlwdCwgYW5kIEFKQVgtaGVhdnkgd2Vic2l0ZXMsIGVuYWJsaW5nIHRoZSBhdWRpdGluZyBvZiBjb21wbGV4LCBhdXRoZW50aWNhdGVkIGFwcGxpY2F0aW9ucy4gQWN1bmV0aXggcHJvdmlkZXMgdGhlIG9ubHkgdGVjaG5vbG9neSBvbiB0aGUgbWFya2V0IHRoYXQgY2FuIGF1dG9tYXRpY2FsbHkgZGV0ZWN0IG91dC1vZi1iYW5kIHZ1bG5lcmFiaWxpdGllcyBhbmQgaXMgYXZhaWxhYmxlIGJvdGggYXMgYW4gb25saW5lIGFuZCBvbi1wcmVtaXNlcyBzb2x1dGlvbi4gQWN1bmV0aXggYWxzbyBpbmNsdWRlcyBpbnRlZ3JhdGVkIHZ1bG5lcmFiaWxpdHkgbWFuYWdlbWVudCBmZWF0dXJlcyB0byBleHRlbmQgdGhlIGVudGVycHJpc2UmcnNxdW87cyBhYmlsaXR5IHRvIGNvbXByZWhlbnNpdmVseSBtYW5hZ2UsIHByaW9yaXRpemUsIGFuZCBjb250cm9sIHZ1bG5lcmFiaWxpdHkgdGhyZWF0cyAmbmRhc2g7IG9yZGVyZWQgYnkgYnVzaW5lc3MgY3JpdGljYWxpdHkuPC9wPmQCCQ8PFgIeC05hdmlnYXRlVXJsBRJDb21tZW50cy5hc3B4P2lkPTNkZAILDxYCHgNzcmNkZGTLo6VVRRdQACEbfKXC37R1sHPpoA%3d%3d&__VIEWSTATEGENERATOR=532053C5',0,0,0,0,0,0,1
POST,b'/ReadNews.aspx?id=3',b'__EVENTARGUMENT=&__EVENTTARGET=&__EVENTVALIDATION=/wEWVwK30rH2AgKOltisCQLwvM6uDAK/k4PoDAK/k4PoDAK/k7ePBAK/k7ePBAK/k6uiDQK/k6uiDQK/k9/GBgK/k9/GBgK/k7OuAwK/k7OuAwK/k6fFDAK/k6fFDAKQurHqDwKQurHqDwKQuqWBBwKQuqWBBwKQutklApC62SUCkLrN%2bAkCkLrN%2bAkCkLrhnwECkLrhnwECkLqVsgoCkLqVsgoCkLqJyQMCkLqJyQMCkLq97AwCkLq97AwCkLqR1QkCkLqR1QkCkLqF6AICkLqF6AIC19nEngcC19nEngcC19n4NQLX2fg1AtfZ7MgJAtfZ7MgJAtfZgO8CAtfZgO8CAtfZtIIKAtfZtIIKAtfZqNkDAtfZqNkDAtfZ3P0MAtfZ3P0MAtfZ8JAEAtfZ8JAEAtfZpPgCAtfZpPgCAtfZ2JwKAtfZ2JwKAqjgqoQNAqjgqoQNAqjg3tgGAqjg3tgGAqjg8v8PAqjg8v8PAqjg5pIHAqjg5pIHAqjgmikCqOCaKQKo4I7MCQKo4I7MCQKo4KLjAgKo4KLjAgKo4NaHCgKo4NaHCgKo4IrvCAKo4IrvCAKo4L4CAqjgvgICjfeIqwMCjfeIqwMCjfe8zgwCjfe8zgwCjffQ4gUCjffQ4gUCjffEuQ0CjffEuQ0Cjff43AYCjff43AYCjffs8w8Cjffs8w9%2b6ZgvhM9EDUvwzA8HgKoloMogBA%3d%3d&__VIEWSTATE=/wEPDwUKLTM1MjIzMjU2OQ9kFgICAQ9kFgwCAQ9kFgQCAQ8WBB4EaHJlZgUKbG9naW4uYXNweB4JaW5uZXJodG1sBQVsb2dpbmQCAw8WBB8AZB4HVmlzaWJsZWhkAgMPFgIfAQVJcG9zdGVkIGJ5IDxzdHJvbmc%2bYWRtaW4gICAgICAgICAgICAgICAgICAgIDwvc3Ryb25nPjExLzgvMjAwNSAxMTozNzozNSBBTWQCBQ8WAh8BBTFBY3VuZXRpeCBXZWIgVnVsbmVyYWJpbGl0eSBTY2FubmVyIGJldGEgcmVsZWFzZWQhZAIHDxYCHwEFnA48cD5EdXJpbmcgdGhlIGJldGEgcGhhc2UsIGJ1aWxkcyBhcmUgcmVsZWFzZWQgZnJlcXVlbnRseSwgICAgICAgICAgICAgICAgICAgICAgICAgICAgdGhlcmVmb3JlIGl0IGlzIG5vdCByZWNvbW1lbmRlZCB0aGF0IHRoZSBzYW1lIGJldGEgdmVyc2lvbiAgICAgICAgICAgICAgICAgICAgICAgICAgICBpcyB1c2VkIGZvciBtb3JlIHRoYW4gMzAgZGF5cy4gVG8gYmV0YS10ZXN0IGJleW9uZCAzMCAgICAgICAgICAgICAgICAgICAgICAgICAgICBkYXlzLCB1c2VycyBzaG91bGQgaW5zdGFsbCB0aGUgbGF0ZXN0IGJldGEgdmVyc2lvbiBvciwgICAgICAgICAgICAgICAgICAgICAgICAgICAgaWYgYXZhaWxhYmxlLCB1c2UgdGhlIHJlbGVhc2UgdmVyc2lvbi48L3A%2bICAgICAgICAgICAgICAgICAgICAgICAgICAgPHA%2bPHN0cm9uZz5BYm91dCBBY3VuZXRpeCBXZWIgVnVsbmVyYWJpbGl0eSBTY2FubmVyPC9zdHJvbmc%2bPGJyIC8%2bICAgICAgICAgICAgICAgICAgICAgICAgICAgQWN1bmV0aXggV2ViIFZ1bG5lcmFiaWxpdHkgU2Nhbm5lciwgYSB1bmlxdWUgd2ViIGFwcGxpY2F0aW9uICAgICAgICAgICAgICAgICAgICAgICAgICAgIHNjYW5uaW5nIHByb2R1Y3QgdGhhdCBtYWtlcyBzZWN1cmluZyBvbmUmcnNxdW87cyB3ZWJzaXRlICAgICAgICAgICAgICAgICAgICAgICAgICAgIGVhc2llciB0aGFuIGV2ZXIuIEFjdW5ldGl4IFdlYiBWdWxuZXJhYmlsaXR5IFNjYW5uZXIgICAgICAgICAgICAgICAgICAgICAgICAgICAgaXMgYW4gYXV0b21hdGVkIHdlYiBhcHBsaWNhdGlvbiBzZWN1cml0eSB0ZXN0aW5nIHRvb2wgICAgICAgICAgICAgICAgICAgICAgICAgICAgdGhhdCBjcmF3bHMgYW4gZW50aXJlIHdlYnNpdGUgYW5kIGF0dGFja3MgaXQgc28gYXMgdG8gICAgICAgICAgICAgICAgICAgICAgICAgICAgaWRlbnRpZnkgcG90ZW50aWFsIHdlYWtuZXNzZXMgYmVmb3JlIGhhY2tlcnMgZG8uIEZ1cnRoZXIgICAgICAgICAgICAgICAgICAgICAgICAgICAgaW5mb3JtYXRpb24gaXMgYXZhaWxhYmxlIDxhIGhyZWY9aHR0cHM6Ly93d3cuYWN1bmV0aXguY29tL3Z1bG5lcmFiaWxpdHktc2Nhbm5lci8%2baGVyZTwvYT4uPC9wPiAgICAgICAgICAgICAgICAgICAgICAgICAgIDxwPjxzdHJvbmc%2bQWJvdXQgQWN1bmV0aXg8L3N0cm9uZz48L3A%2bICAgICA8cD5Vc2VyLWZyaWVuZGx5IGFuZCBjb21wZXRpdGl2ZWx5IHByaWNlZCwgQWN1bmV0aXggbGVhZHMgdGhlIG1hcmtldCBpbiBhdXRvbWF0aWMgd2ViIHNlY3VyaXR5IHRlc3RpbmcgdGVjaG5vbG9neS4gSXRzIGluZHVzdHJ5LWxlYWRpbmcgY3Jhd2xlciBmdWxseSBzdXBwb3J0cyBIVE1MNSwgSmF2YVNjcmlwdCwgYW5kIEFKQVgtaGVhdnkgd2Vic2l0ZXMsIGVuYWJsaW5nIHRoZSBhdWRpdGluZyBvZiBjb21wbGV4LCBhdXRoZW50aWNhdGVkIGFwcGxpY2F0aW9ucy4gQWN1bmV0aXggcHJvdmlkZXMgdGhlIG9ubHkgdGVjaG5vbG9neSBvbiB0aGUgbWFya2V0IHRoYXQgY2FuIGF1dG9tYXRpY2FsbHkgZGV0ZWN0IG91dC1vZi1iYW5kIHZ1bG5lcmFiaWxpdGllcyBhbmQgaXMgYXZhaWxhYmxlIGJvdGggYXMgYW4gb25saW5lIGFuZCBvbi1wcmVtaXNlcyBzb2x1dGlvbi4gQWN1bmV0aXggYWxzbyBpbmNsdWRlcyBpbnRlZ3JhdGVkIHZ1bG5lcmFiaWxpdHkgbWFuYWdlbWVudCBmZWF0dXJlcyB0byBleHRlbmQgdGhlIGVudGVycHJpc2UmcnNxdW87cyBhYmlsaXR5IHRvIGNvbXByZWhlbnNpdmVseSBtYW5hZ2UsIHByaW9yaXRpemUsIGFuZCBjb250cm9sIHZ1bG5lcmFiaWxpdHkgdGhyZWF0cyAmbmRhc2g7IG9yZGVyZWQgYnkgYnVzaW5lc3MgY3JpdGljYWxpdHkuPC9wPmQCCQ8PFgIeC05hdmlnYXRlVXJsBRJDb21tZW50cy5hc3B4P2lkPTNkZAILDxYCHgNzcmNkZGTLo6VVRRdQACEbfKXC37R1sHPpoA%3d%3d&__VIEWSTATEGENERATOR=532053C5',0,0,0,0,0,0,1
GET,b'/ads/',b'',0,0,0,0,0,0,1
GET,b'/',b'',0,0,0,0,0,0,1
GET,b'/acublog.csproj',b'',0,0,0,0,0,0,1
GET,b'/_vti_cnf/',b'',0,0,0,0,0,0,1
GET,b'/About.aspx.cs',b'',0,0,0,0,0,0,1
GET,b'/aspnet_client/',b'',0,0,0,0,0,0,1
GET,b'/acublog.csproj.webinfo',b'',0,0,0,0,0,0,1
GET,b'/About.aspx',b'',0,0,0,0,0,0,1
GET,b'/_vti_cnf/acublog.csproj',b'',0,0,0,0,0,0,1
GET,b'/About.aspx.resx',b'',0,0,0,0,0,0,1
GET,b'/_vti_cnf/acublog.csproj.webinfo',b'',0,0,0,0,0,0,1
GET,b'/aspnet_client/system_web/',b'',0,0,0,0,0,1,1
GET,b'/bin/acublog.pdb',b'',0,0,0,0,0,0,1
GET,b'/bin/acublog.dll.bak',b'',0,0,0,0,0,0,1
GET,b'/AssemblyInfo.cs',b'',0,0,0,0,0,0,1
GET,b'/bin/acublog.dll',b'',0,0,0,0,0,0,1
GET,b'/aspnet_client/system_web/2_0_50727/',b'',0,0,0,0,0,1,1
GET,b'/bin-backup.7z',b'',0,0,0,0,0,0,1
GET,b'/bin/',b'',0,0,0,0,0,0,1
GET,b'/bin/AcuWeaver.dll',b'',0,0,0,0,0,0,1
GET,b'/Comments.aspx.cs',b'',0,0,0,0,0,0,1
GET,b'/Comments.aspx.resx',b'',0,0,0,0,0,0,1
GET,b'/Default.aspx.cs',b'',0,0,0,0,0,0,1
GET,b'/Default.aspx',b'',0,0,0,0,0,0,1
GET,b'/Default.aspx.resx',b'',0,0,0,0,0,0,1
GET,b'/Global.asax',b'',0,0,0,0,0,0,1
GET,b'/Global.asax.cs',b'',0,0,0,0,0,0,1
GET,b'/jscripts/tiny_mce/',b'',0,0,0,0,0,0,1
GET,b'/jscripts/',b'',0,0,0,0,0,0,1
GET,b'/Global.asax.resx',b'',0,0,0,0,0,0,1
GET,b'/jscripts/tiny_mce/blank.htm',b'',0,0,0,0,0,0,1
GET,b'/jscripts/tiny_mce/langs/',b'',0,0,0,0,0,0,1
GET,b'/jscripts/tiny_mce/license.txt',b'',0,0,0,0,0,0,1
GET,b'/jscripts/tiny_mce/langs/en.js',b'',0,0,0,0,0,0,1
GET,b'/jscripts/tiny_mce/themes/',b'',0,0,0,0,0,0,1
GET,b'/jscripts/tiny_mce/themes/simple/',b'',0,0,0,0,0,0,1
GET,b'/jscripts/tiny_mce/themes/simple/css/',b'',0,0,0,0,0,0,1
GET,b'/jscripts/tiny_mce/themes/simple/editor_template.js',b'',0,0,0,0,0,0,1
GET,b'/jscripts/tiny_mce/themes/simple/images/',b'',0,0,0,0,0,0,1
GET,b'/jscripts/tiny_mce/themes/simple/editor_template_src.js',b'',0,0,0,0,0,0,1
GET,b'/jscripts/tiny_mce/tiny_mce.js',b'',0,0,0,0,0,0,1
GET,b'/jscripts/tiny_mce/tiny_mce_popup.js',b'',0,0,0,0,0,0,1
GET,b'/jscripts/tiny_mce/utils/',b'',0,0,0,0,0,0,1
GET,b'/jscripts/tiny_mce/tiny_mce_src.js',b'',0,0,0,0,0,0,1
GET,b'/jscripts/tiny_mce/utils/form_utils.js',b'',0,0,0,0,0,0,1
GET,b'/jscripts/tiny_mce/utils/mctabs.js',b'',0,0,0,0,0,0,1
GET,b'/jscripts/tiny_mce/utils/validate.js',b'',0,0,0,0,0,0,1
GET,b'/login.aspx.cs',b'',0,0,0,0,0,0,1
GET,b'/login.aspx.resx',b'',0,0,0,0,0,0,1
GET,b'/logout.aspx',b'',0,0,0,0,0,0,1
GET,b'/logout.aspx.cs',b'',0,0,0,0,0,0,1
GET,b'/logout.aspx.resx',b'',0,0,0,0,0,0,1
GET,b'/MainMenu.ascx',b'',0,0,0,0,0,0,1
GET,b'/MainMenu.ascx.cs',b'',0,0,0,0,0,0,1
GET,b'/MainMenu.ascx.resx',b'',0,0,0,0,0,0,1
GET,b'/PostNews.aspx',b'',0,0,0,0,0,0,1
GET,b'/PostNews.aspx.cs',b'',0,0,0,0,0,0,1
GET,b'/ReadNews.aspx.resx',b'',0,0,0,0,0,0,1
GET,b'/PostNews.aspx.resx',b'',0,0,0,0,0,0,1
GET,b'/ReadNews.aspx.cs',b'',0,0,0,0,0,0,1
GET,b'/RightPanel.ascx',b'',0,0,0,0,0,0,1
GET,b'/RightPanel.ascx.resx',b'',0,0,0,0,0,0,1
GET,b'/RightPanel.ascx.cs',b'',0,0,0,0,0,0,1
GET,b'/rssFeed.aspx.cs',b'',0,0,0,0,0,0,1
GET,b'/rssFeed.aspx.resx',b'',0,0,0,0,0,0,1
GET,b'/Signup.aspx.cs',b'',0,0,0,0,0,0,1
GET,b'/Signup.aspx.resx',b'',0,0,0,0,0,0,1
GET,b'/temp/.rnd',b'',0,0,0,0,0,0,1
GET,b'/temp/',b'',0,0,0,0,0,0,1
GET,b'/temp/testaspnet.csproj',b'',0,0,0,0,0,0,1
GET,b'/temp/web.config',b'',0,0,0,0,0,0,1
GET,b'/Utils/UserManager.cs',b'',0,0,0,0,0,0,1
GET,b'/test.txt',b'',0,0,0,0,0,0,1
GET,b'/Utils/',b'',0,0,0,0,0,0,1
GET,b'/Web.config',b'',0,0,0,0,0,0,1
POST,b'/Default.aspx',b'__EVENTARGUMENT=&__EVENTTARGET=&__EVENTVALIDATION=/wEWVwLpus/wCAKOltisCQLwvM6uDAK/k4PoDAK/k4PoDAK/k7ePBAK/k7ePBAK/k6uiDQK/k6uiDQK/k9/GBgK/k9/GBgK/k7OuAwK/k7OuAwK/k6fFDAK/k6fFDAKQurHqDwKQurHqDwKQuqWBBwKQuqWBBwKQutklApC62SUCkLrN%2bAkCkLrN%2bAkCkLrhnwECkLrhnwECkLqVsgoCkLqVsgoCkLqJyQMCkLqJyQMCkLq97AwCkLq97AwCkLqR1QkCkLqR1QkCkLqF6AICkLqF6AIC19nEngcC19nEngcC19n4NQLX2fg1AtfZ7MgJAtfZ7MgJAtfZgO8CAtfZgO8CAtfZtIIKAtfZtIIKAtfZqNkDAtfZqNkDAtfZ3P0MAtfZ3P0MAtfZ8JAEAtfZ8JAEAtfZpPgCAtfZpPgCAtfZ2JwKAtfZ2JwKAqjgqoQNAqjgqoQNAqjg3tgGAqjg3tgGAqjg8v8PAqjg8v8PAqjg5pIHAqjg5pIHAqjgmikCqOCaKQKo4I7MCQKo4I7MCQKo4KLjAgKo4KLjAgKo4NaHCgKo4NaHCgKo4IrvCAKo4IrvCAKo4L4CAqjgvgICjfeIqwMCjfeIqwMCjfe8zgwCjfe8zgwCjffQ4gUCjffQ4gUCjffEuQ0CjffEuQ0Cjff43AYCjff43AYCjffs8w8Cjffs8w9EGYZZFmRPNxEe9k6/3HbEt2wUsA%3d%3d&__VIEWSTATE=/wEPDwUKLTEwNTI0MjkwNQ9kFgICAQ9kFgICAQ9kFgQCAQ8WBB4EaHJlZgUKbG9naW4uYXNweB4JaW5uZXJodG1sBQVsb2dpbmQCAw8WBB8AZB4HVmlzaWJsZWhkZArjxDMCoNA8/4bzlRmUHIna4LG5&__VIEWSTATEGENERATOR=CA0B0334',0,0,0,0,0,0,1
GET,b'/login.aspx?ReturnUrl=/logout.aspx',b'',0,0,0,0,0,0,1
GET,b'/login.aspx?ReturnUrl=/PostNews.aspx',b'',0,0,0,0,0,0,1
POST,b'/login.aspx?ReturnUrl=/logout.aspx',b'btnLogin=Login&tbPassword=g00dPa%24%24w0rD&tbUsername=bdotemtd&__EVENTARGUMENT=&__EVENTTARGET=&__EVENTVALIDATION=/wEWWwLoz/fGCgLStq24BwK3jsrkBALtuvfLDQKC3IeGDAKOltisCQLwvM6uDAK/k4PoDAK/k4PoDAK/k7ePBAK/k7ePBAK/k6uiDQK/k6uiDQK/k9/GBgK/k9/GBgK/k7OuAwK/k7OuAwK/k6fFDAK/k6fFDAKQurHqDwKQurHqDwKQuqWBBwKQuqWBBwKQutklApC62SUCkLrN%2bAkCkLrN%2bAkCkLrhnwECkLrhnwECkLqVsgoCkLqVsgoCkLqJyQMCkLqJyQMCkLq97AwCkLq97AwCkLqR1QkCkLqR1QkCkLqF6AICkLqF6AIC19nEngcC19nEngcC19n4NQLX2fg1AtfZ7MgJAtfZ7MgJAtfZgO8CAtfZgO8CAtfZtIIKAtfZtIIKAtfZqNkDAtfZqNkDAtfZ3P0MAtfZ3P0MAtfZ8JAEAtfZ8JAEAtfZpPgCAtfZpPgCAtfZ2JwKAtfZ2JwKAqjgqoQNAqjgqoQNAqjg3tgGAqjg3tgGAqjg8v8PAqjg8v8PAqjg5pIHAqjg5pIHAqjgmikCqOCaKQKo4I7MCQKo4I7MCQKo4KLjAgKo4KLjAgKo4NaHCgKo4NaHCgKo4IrvCAKo4IrvCAKo4L4CAqjgvgICjfeIqwMCjfeIqwMCjfe8zgwCjfe8zgwCjffQ4gUCjffQ4gUCjffEuQ0CjffEuQ0Cjff43AYCjff43AYCjffs8w8Cjffs8w%2bvQmHAdhGYVq3z%2bdY2oMS8CpIMsg%3d%3d&__VIEWSTATE=/wEPDwUKLTIyMzk2OTgxMQ9kFgICAQ9kFgICAQ9kFgQCAQ8WBB4EaHJlZgUKbG9naW4uYXNweB4JaW5uZXJodG1sBQVsb2dpbmQCAw8WBB8AZB4HVmlzaWJsZWhkGAEFHl9fQ29udHJvbHNSZXF1aXJlUG9zdEJhY2tLZXlfXxYBBQ9jYlBlcnNpc3RDb29raWVzwbv%2bQ8XadeewSqHhJbH9z4dvJw%3d%3d&__VIEWSTATEGENERATOR=C2EE9ABB',0,0,0,0,0,0,1
POST,b'/login.aspx?ReturnUrl=/logout.aspx',b'btnLogin=Login&cbPersistCookie=on&tbPassword=g00dPa%24%24w0rD&tbUsername=ghihnuja&__EVENTARGUMENT=&__EVENTTARGET=&__EVENTVALIDATION=/wEWWwLoz/fGCgLStq24BwK3jsrkBALtuvfLDQKC3IeGDAKOltisCQLwvM6uDAK/k4PoDAK/k4PoDAK/k7ePBAK/k7ePBAK/k6uiDQK/k6uiDQK/k9/GBgK/k9/GBgK/k7OuAwK/k7OuAwK/k6fFDAK/k6fFDAKQurHqDwKQurHqDwKQuqWBBwKQuqWBBwKQutklApC62SUCkLrN%2bAkCkLrN%2bAkCkLrhnwECkLrhnwECkLqVsgoCkLqVsgoCkLqJyQMCkLqJyQMCkLq97AwCkLq97AwCkLqR1QkCkLqR1QkCkLqF6AICkLqF6AIC19nEngcC19nEngcC19n4NQLX2fg1AtfZ7MgJAtfZ7MgJAtfZgO8CAtfZgO8CAtfZtIIKAtfZtIIKAtfZqNkDAtfZqNkDAtfZ3P0MAtfZ3P0MAtfZ8JAEAtfZ8JAEAtfZpPgCAtfZpPgCAtfZ2JwKAtfZ2JwKAqjgqoQNAqjgqoQNAqjg3tgGAqjg3tgGAqjg8v8PAqjg8v8PAqjg5pIHAqjg5pIHAqjgmikCqOCaKQKo4I7MCQKo4I7MCQKo4KLjAgKo4KLjAgKo4NaHCgKo4NaHCgKo4IrvCAKo4IrvCAKo4L4CAqjgvgICjfeIqwMCjfeIqwMCjfe8zgwCjfe8zgwCjffQ4gUCjffQ4gUCjffEuQ0CjffEuQ0Cjff43AYCjff43AYCjffs8w8Cjffs8w%2bvQmHAdhGYVq3z%2bdY2oMS8CpIMsg%3d%3d&__VIEWSTATE=/wEPDwUKLTIyMzk2OTgxMQ9kFgICAQ9kFgICAQ9kFgQCAQ8WBB4EaHJlZgUKbG9naW4uYXNweB4JaW5uZXJodG1sBQVsb2dpbmQCAw8WBB8AZB4HVmlzaWJsZWhkGAEFHl9fQ29udHJvbHNSZXF1aXJlUG9zdEJhY2tLZXlfXxYBBQ9jYlBlcnNpc3RDb29raWVzwbv%2bQ8XadeewSqHhJbH9z4dvJw%3d%3d&__VIEWSTATEGENERATOR=C2EE9ABB',0,0,0,0,0,0,1
POST,b'/login.aspx?ReturnUrl=/PostNews.aspx',b'btnLogin=Login&tbPassword=g00dPa%24%24w0rD&tbUsername=ldppymjw&__EVENTARGUMENT=&__EVENTTARGET=&__EVENTVALIDATION=/wEWWwLoz/fGCgLStq24BwK3jsrkBALtuvfLDQKC3IeGDAKOltisCQLwvM6uDAK/k4PoDAK/k4PoDAK/k7ePBAK/k7ePBAK/k6uiDQK/k6uiDQK/k9/GBgK/k9/GBgK/k7OuAwK/k7OuAwK/k6fFDAK/k6fFDAKQurHqDwKQurHqDwKQuqWBBwKQuqWBBwKQutklApC62SUCkLrN%2bAkCkLrN%2bAkCkLrhnwECkLrhnwECkLqVsgoCkLqVsgoCkLqJyQMCkLqJyQMCkLq97AwCkLq97AwCkLqR1QkCkLqR1QkCkLqF6AICkLqF6AIC19nEngcC19nEngcC19n4NQLX2fg1AtfZ7MgJAtfZ7MgJAtfZgO8CAtfZgO8CAtfZtIIKAtfZtIIKAtfZqNkDAtfZqNkDAtfZ3P0MAtfZ3P0MAtfZ8JAEAtfZ8JAEAtfZpPgCAtfZpPgCAtfZ2JwKAtfZ2JwKAqjgqoQNAqjgqoQNAqjg3tgGAqjg3tgGAqjg8v8PAqjg8v8PAqjg5pIHAqjg5pIHAqjgmikCqOCaKQKo4I7MCQKo4I7MCQKo4KLjAgKo4KLjAgKo4NaHCgKo4NaHCgKo4IrvCAKo4IrvCAKo4L4CAqjgvgICjfeIqwMCjfeIqwMCjfe8zgwCjfe8zgwCjffQ4gUCjffQ4gUCjffEuQ0CjffEuQ0Cjff43AYCjff43AYCjffs8w8Cjffs8w%2bvQmHAdhGYVq3z%2bdY2oMS8CpIMsg%3d%3d&__VIEWSTATE=/wEPDwUKLTIyMzk2OTgxMQ9kFgICAQ9kFgICAQ9kFgQCAQ8WBB4EaHJlZgUKbG9naW4uYXNweB4JaW5uZXJodG1sBQVsb2dpbmQCAw8WBB8AZB4HVmlzaWJsZWhkGAEFHl9fQ29udHJvbHNSZXF1aXJlUG9zdEJhY2tLZXlfXxYBBQ9jYlBlcnNpc3RDb29raWVzwbv%2bQ8XadeewSqHhJbH9z4dvJw%3d%3d&__VIEWSTATEGENERATOR=C2EE9ABB',0,0,0,0,0,0,1
POST,b'/login.aspx?ReturnUrl=/PostNews.aspx',b'btnLogin=Login&cbPersistCookie=on&tbPassword=g00dPa%24%24w0rD&tbUsername=mpoqoihl&__EVENTARGUMENT=&__EVENTTARGET=&__EVENTVALIDATION=/wEWWwLoz/fGCgLStq24BwK3jsrkBALtuvfLDQKC3IeGDAKOltisCQLwvM6uDAK/k4PoDAK/k4PoDAK/k7ePBAK/k7ePBAK/k6uiDQK/k6uiDQK/k9/GBgK/k9/GBgK/k7OuAwK/k7OuAwK/k6fFDAK/k6fFDAKQurHqDwKQurHqDwKQuqWBBwKQuqWBBwKQutklApC62SUCkLrN%2bAkCkLrN%2bAkCkLrhnwECkLrhnwECkLqVsgoCkLqVsgoCkLqJyQMCkLqJyQMCkLq97AwCkLq97AwCkLqR1QkCkLqR1QkCkLqF6AICkLqF6AIC19nEngcC19nEngcC19n4NQLX2fg1AtfZ7MgJAtfZ7MgJAtfZgO8CAtfZgO8CAtfZtIIKAtfZtIIKAtfZqNkDAtfZqNkDAtfZ3P0MAtfZ3P0MAtfZ8JAEAtfZ8JAEAtfZpPgCAtfZpPgCAtfZ2JwKAtfZ2JwKAqjgqoQNAqjgqoQNAqjg3tgGAqjg3tgGAqjg8v8PAqjg8v8PAqjg5pIHAqjg5pIHAqjgmikCqOCaKQKo4I7MCQKo4I7MCQKo4KLjAgKo4KLjAgKo4NaHCgKo4NaHCgKo4IrvCAKo4IrvCAKo4L4CAqjgvgICjfeIqwMCjfeIqwMCjfe8zgwCjfe8zgwCjffQ4gUCjffQ4gUCjffEuQ0CjffEuQ0Cjff43AYCjff43AYCjffs8w8Cjffs8w%2bvQmHAdhGYVq3z%2bdY2oMS8CpIMsg%3d%3d&__VIEWSTATE=/wEPDwUKLTIyMzk2OTgxMQ9kFgICAQ9kFgICAQ9kFgQCAQ8WBB4EaHJlZgUKbG9naW4uYXNweB4JaW5uZXJodG1sBQVsb2dpbmQCAw8WBB8AZB4HVmlzaWJsZWhkGAEFHl9fQ29udHJvbHNSZXF1aXJlUG9zdEJhY2tLZXlfXxYBBQ9jYlBlcnNpc3RDb29raWVzwbv%2bQ8XadeewSqHhJbH9z4dvJw%3d%3d&__VIEWSTATEGENERATOR=C2EE9ABB',0,0,0,0,0,0,1
GET,b'/cgi-bin/le_check_v3.exe',b'',0,0,0,0,0,0,1
GET,b'/',b'',0,0,0,0,0,0,1
GET,b'/IJO8Geb8',b'',0,0,0,0,0,0,1
GET,b'/CkICYBHx',b'',0,0,0,0,0,0,1
GET,b'/EFlmmFgL',b'',0,0,0,0,0,0,1
GET,b'/',b'',0,0,0,0,0,0,1
GET,b'/robots.txt',b'',0,0,0,0,0,0,1
GET,b'/search.jsp',b'',0,0,0,0,0,0,1
GET,b'/index.jsp?content=business_deposit.htm',b'',0,0,0,0,0,0,1
GET,b'/index.jsp?content=business_other.htm',b'',0,0,0,0,0,0,1
GET,b'/search.jsp?query=1',b'',0,0,0,0,0,0,1
GET,b'/index.jsp?content=inside_about.htm',b'',0,0,0,0,0,0,1
GET,b'/index.jsp?content=inside.htm',b'',0,0,0,0,0,0,1
GET,b'/index.jsp',b'',0,0,0,0,0,0,1
GET,b'/index.jsp?content=business_retirement.htm',b'',0,0,0,0,0,0,1
GET,b'/index.jsp?content=business.htm',b'',0,0,0,0,0,0,1
GET,b'/index.jsp?content=business_insurance.htm',b'',0,0,0,0,0,0,1
GET,b'/index.jsp?content=personal_loans.htm',b'',0,0,0,0,0,0,1
GET,b'/login.jsp',b'',0,0,0,0,0,0,1
GET,b'/index.jsp?content=business_lending.htm',b'',0,0,0,0,0,0,1
GET,b'/index.jsp?content=business_cards.htm',b'',0,0,0,0,0,0,1
GET,b'/default.jsp',b'',0,0,0,0,0,0,1
GET,b'/default.jsp?content=security.htm',b'',0,0,0,0,0,0,1
GET,b'/subscribe.jsp',b'',0,0,0,0,0,0,1
GET,b'/feedback.jsp',b'',0,0,0,0,0,0,1
GET,b'/swagger/index.html',b'',0,0,0,0,0,0,1
GET,b'/survey_questions.jsp',b'',0,0,0,0,0,0,1
GET,b'/status_check.jsp',b'',0,0,0,0,0,0,1
GET,b'/images',b'',0,0,0,0,0,0,1
GET,b'/swagger',b'',0,0,0,0,0,0,1
GET,b'/inside_points_of_interest.htm',b'',0,0,0,0,0,0,1
GET,b'/high_yield_investments.htm',b'',0,0,0,0,0,0,1
POST,b'/doSubscribe',b'btnSubmit=Subscribe&txtEmail=sample%40email.tst',0,0,0,0,0,0,1
GET,b'/my%20documents',b'',0,0,0,0,1,0,1
GET,b'/doSubscribe',b'',0,0,0,0,0,0,1
GET,b'/my%20documents/JohnSmith/Bank%20Site%20Documents/grouplife.htm',b'',0,0,0,0,3,0,1
GET,b'/sitemap.xml',b'',0,0,0,0,0,0,1
GET,b'/pr',b'',0,0,0,0,0,0,1
GET,b'/sitemap.xml.gz',b'',0,0,0,0,0,0,1
GET,b'/retirement.htm',b'',0,0,0,0,0,0,1
GET,b'/my%20documents/JohnSmith',b'',0,0,0,0,1,0,1
GET,b'/my%20documents/JohnSmith/Bank%20Site%20Documents',b'',0,0,0,0,3,0,1
POST,b'/doLogin',b'btnSubmit=Login&passw=g00dPa%24%24w0rD&uid=1',0,0,0,0,0,1,1
GET,b'/doLogin',b'',0,0,0,0,0,0,1
POST,b'/sendFeedback',b'submit=Submit&cfile=comments.txt&comments=1&email_addr=sample%40email.tst&name=gmtshqrf&subject=1',0,0,0,0,0,0,1
GET,b'/sendFeedback',b'',0,0,0,0,0,0,1
GET,b'/swagger/swagger-ui-bundle.js',b'',0,0,0,0,0,0,1
GET,b'/swagger/swagger-ui-standalone-preset.js',b'',0,0,0,0,0,0,1
GET,b'/images/',b'',0,0,0,0,0,0,1
GET,b'/survey_questions.jsp?step=a',b'',0,0,0,0,0,0,1
GET,b'/swagger/',b'',0,0,0,0,0,0,1
GET,b'/pr/',b'',0,0,0,0,0,0,1
GET,b'/security.htm',b'',0,0,0,0,0,0,1
GET,b'/survey_questions.jsp?step=b',b'',0,0,0,0,0,0,1
GET,b'/',b'',0,0,0,0,0,0,1
GET,b'/util/serverStatusCheckService.jsp?HostName=AltoroMutual',b'',0,0,0,0,0,0,1
GET,b'/util',b'',0,0,0,0,0,0,1
GET,b'/altoro/images',b'',0,0,0,0,0,0,1
GET,b'/util/serverStatusCheckService.jsp?HostName=AltoroMutual',b'',0,0,0,0,0,0,1
GET,b'/altoro',b'',0,0,0,0,0,0,1
GET,b'/util/',b'',0,0,0,0,0,0,1
